hash,label
AgACAgIAAxkDAAIB3GElO5oNus1Zgzg3E-FKm37uYnPiAAIvtTEbfY8oSdoz7IA0hvO2AQADAgADbQADIAQ,В котором
AgACAgIAAxkDAAIB3WElO5ph7su_KC-fmExFoHNXXY5FAAIwtTEbfY8oSRU76syHNXBJAQADAgADbQADIAQ,Долинка
AgACAgIAAxkDAAIB3mElO5tk8vj1_pOm7o1-zdwbhTLmAAIxtTEbfY8oSY6Pvd0YB8yUAQADAgADeAADIAQ,Западно-Казахстанская
AgACAgIAAxkDAAIB32ElO5utS5AJAaES97V2twgWLDEzAAIytTEbfY8oSSutX-xew9rqAQADAgADbQADIAQ,Шымкент
AgACAgIAAxkDAAIB4GElO5sqszVO3n5YYX1lD2a7JuzEAAIztTEbfY8oSdbtafmFen56AQADAgADeAADIAQ,Мамлютка
AgACAgIAAxkDAAIB4WElO5um5WKVaWVgW8R-hC25TS8MAAI0tTEbfY8oSZ8eAAGXQ1fYIQEAAwIAA3gAAyAE,"и неземной покой,"
AgACAgIAAxkDAAIB4mElO5s0eqRWgaK3JpOaS5W1QeGjAAI1tTEbfY8oSf5BRslSOCZvAQADAgADeAADIAQ,Таджикистан
AgACAgIAAxkDAAIB42ElO5soIBYh8S4ttvQFmflcGbFjAAI2tTEbfY8oSd0bvpnYQQ0sAQADAgADeAADIAQ,Молдавия
AgACAgIAAxkDAAIB5GElO5un9FzJZ9Qy-YSPPq7EXAy-AAI3tTEbfY8oSQ8nvhk7--SCAQADAgADbQADIAQ,Тараз
AgACAgIAAxkDAAIB5WElO5w6E30yblQTmoqqpdbyfVsQAAI4tTEbfY8oSasKs0BS1nsfAQADAgADeAADIAQ,я со стола.
AgACAgIAAxkDAAIB5mElO5yucI5UCGgBOPRXjCJpFcqOAAI5tTEbfY8oSfDqrvfwcybwAQADAgADeAADIAQ,"Но волчат не тронул,"
AgACAgIAAxkDAAIB52ElO5yw0JPlchwlFEqeQdH36fRpAAI6tTEbfY8oSUIjYe_KCfSwAQADAgADbQADIAQ,Качар
AgACAgIAAxkDAAIB6GElO5yhxgieB78Jj6U9XAx5As7mAAI7tTEbfY8oSfy1EnVjRZ1MAQADAgADbQADIAQ,до захода
AgACAgIAAxkDAAIB6WElO5wlYo4sO61zIavUpma7CGhwAAI8tTEbfY8oSUE0dSexfz4sAQADAgADbQADIAQ,Ботакара
AgACAgIAAxkDAAIB6mElO5xlpBSINkXhotfdtdUiQicwAAI9tTEbfY8oSZ_p67SyZJNzAQADAgADbQADIAQ,АБхаЗИя
AgACAgIAAxkDAAIB62ElO5xOfFGJskY41KKVFB75yDJVAAI-tTEbfY8oSYHtuZPWMkj8AQADAgADeAADIAQ,Друг другу
AgACAgIAAxkDAAIB7GElO5wkzasuPQFzo6KgRMpkwchRAAI_tTEbfY8oSfSxqZEO22ifAQADAgADeAADIAQ,как молодость
AgACAgIAAxkDAAIB7WElO5xJu6XBfHUaFoSRuU5Jt9eBAAJAtTEbfY8oSS7HkcfEbVz4AQADAgADeAADIAQ,Павлодарская
AgACAgIAAxkDAAIB7mElO52j5pvuB6KzBy96_cT3lpmMAAJBtTEbfY8oSbzgQB317tcnAQADAgADbQADIAQ,Семей
AgACAgIAAxkDAAIB72ElO52J_cxhe6DCqxiY7TPdV5WRAAJCtTEbfY8oSWTSoGEBdh08AQADAgADbQADIAQ,джигит
AgACAgIAAxkDAAIB8GElO50N-dgaAWCxQuGhkoBssY45AAJDtTEbfY8oSXQlucq_DKmwAQADAgADeAADIAQ,"Опять стога,"
AgACAgIAAxkDAAIB8WElO52q3eydNKgdlyyt4C6qswcoAAJEtTEbfY8oSe5EWn8sVODuAQADAgADbQADIAQ,Актобе
AgACAgIAAxkDAAIB8mElO535U7KopdXVbzcIcxyOCFsJAAJFtTEbfY8oSbd7hlAaxSQfAQADAgADbQADIAQ,Кульсары
AgACAgIAAxkDAAIB82ElO53WKCwvuQaR95w9hphZhBBUAAJGtTEbfY8oSYfa9hckFoaNAQADAgADeAADIAQ,"моеи лежит,"
AgACAgIAAxkDAAIB9GElO521I7LWAAEc41A8VD0-pIJeFQACR7UxG32PKEkmVY7Of_YFywEAAwIAA3gAAyAE,УСТЬ-КАМЕНОГОРСК
AgACAgIAAxkDAAIB9WElO51cLhQdhe5LWaX7S-1MoV2XAAJItTEbfY8oSVh3NmWvokyjAQADAgADbQADIAQ,ночлега
AgACAgIAAxkDAAIB9mElO50n1ZJhKUG5lxxoaP6Nq5foAAJJtTEbfY8oSY7bLNhQka9TAQADAgADeAADIAQ,святых видений
AgACAgIAAxkDAAIB92ElO50FlsYoh65rugswXWBOuAo1AAJKtTEbfY8oSQF5nYBdjGpFAQADAgADbQADIAQ,Молдавия
AgACAgIAAxkDAAIB-GElO57UihG79DZxxcqel3dJ7bdnAAJLtTEbfY8oSazk7vqOkwTnAQADAgADeAADIAQ,Южная Осетия
AgACAgIAAxkDAAIB-WElO55zCfeMRAU4YWwv9mEAARcOQwACTLUxG32PKElHvoae9q3dFwEAAwIAA3gAAyAE,"всё мимо, мимо."
AgACAgIAAxkDAAIB-mElO6kPDLDlObXR75c6im9QhBpEAAJNtTEbfY8oScfHa6GxvzCZAQADAgADeAADIAQ,помнящих вопли гунна
AgACAgIAAxkDAAIB-2ElO6kWzi79qBw1-rwWHKgW8CjOAAJOtTEbfY8oSX5lEOpJG0QlAQADAgADeAADIAQ,Твое лицо в его
AgACAgIAAxkDAAIB_GElO6lWLHoPC-oNV7iNjjaY04KXAAJPtTEbfY8oSRBhhErTM1oZAQADAgADbQADIAQ,Ушарал
AgACAgIAAxkDAAIB_WElO6lR1zxL_I1O45abbGxLfmekAAJQtTEbfY8oST153GsguMveAQADAgADbQADIAQ,Шымкент
AgACAgIAAxkDAAIB_mElO6lTwIe3LsWErH5JoRk3k5GPAAJRtTEbfY8oScoY5bLkzwhrAQADAgADbQADIAQ,обгоняет.
AgACAgIAAxkDAAIB_2ElO6lfEDsTj7xFSAzv7C69miKKAAJStTEbfY8oSaI8klavvFieAQADAgADeAADIAQ,Карагандинская
AgACAgIAAxkDAAICAAFhJTuqJ_wu6nHH5IFIhlbtQngDmgACU7UxG32PKElsYw64wsi_5AEAAwIAA3gAAyAE,Завтра к милой
AgACAgIAAxkDAAICAWElO6rxNj4ivTrVBIn5GIT2n-h3AAJUtTEbfY8oSZFX8hiDPEPlAQADAgADeAADIAQ,"Завтра, Нина,"
AgACAgIAAxkDAAICAmElO6rgDgsKc6ogJfdegIZh1u4zAAJVtTEbfY8oST1e24WUkwY4AQADAgADbQADIAQ,корок.
AgACAgIAAxkDAAICA2ElO6oEhAYQtR6GrzBopHnPsHXWAAJWtTEbfY8oSU2-S2dWtFzpAQADAgADbQADIAQ,отстал
AgACAgIAAxkDAAICBGElO6rlygJoerRsMTfqB0_JahHwAAJXtTEbfY8oSY7Wv5YXsTvWAQADAgADbQADIAQ,"Ни огня,"
AgACAgIAAxkDAAICBWElO6ppWOvNkw9fx1mdGeU8rMplAAJYtTEbfY8oSZTB4q_x1obcAQADAgADeAADIAQ,Что поцелуи
AgACAgIAAxkDAAICBmElO6r_Rh2k5dLAyPeGtN9mLVk8AAJZtTEbfY8oSYDeb8jtb2PlAQADAgADbQADIAQ,Жезказган
AgACAgIAAxkDAAICB2ElO6qgNdHVuUsVH7O-4Q9KYqC_AAJatTEbfY8oSSuPvtTffQ5wAQADAgADeAADIAQ,Абхазия
AgACAgIAAxkDAAICCGElO6olEPp1SqNPemlV0ksymDowAAJbtTEbfY8oSQeIWkDZnnGGAQADAgADbQADIAQ,Не вместе
AgACAgIAAxkDAAICCWElO6qy412GQBSPFHwjoT3ycOlDAAJctTEbfY8oSb9Vvd4llzh4AQADAgADbQADIAQ,кровь.
AgACAgIAAxkDAAICCmElO6uw-0AlHYLcDclqGje3U5u-AAJdtTEbfY8oSf3iS1n9rsf-AQADAgADbQADIAQ,Украина
AgACAgIAAxkDAAICC2ElO6tTkUtSjdNb1s_r2v1Y9x5hAAJetTEbfY8oSRUKbX1OZbY1AQADAgADbQADIAQ,Зайсан
AgACAgIAAxkDAAICDGElO6vzWcme2IXLCU6oEm0nnYL8AAJftTEbfY8oSXnJt-VXJawqAQADAgADeAADIAQ,Южно-Казахстанская
AgACAgIAAxkDAAICDWElO6u0ZRw7K36Slz9zG4dNoTaSAAJgtTEbfY8oSXiLV1PqHMOoAQADAgADbQADIAQ,Каскелен
AgACAgIAAxkDAAICDmElO6tZ-qtk15aOyuEAAVq6W4-u-wACYbUxG32PKEld-HBm9GDmIQEAAwIAA20AAyAE,длинной.
AgACAgIAAxkDAAICD2ElO6uuY1MjjhEBRoYJAAHo6m2NkgACYrUxG32PKEn2BVWLcYN0RAEAAwIAA3gAAyAE,"ни чернои хаты,"
AgACAgIAAxkDAAICEGElO6tO-6DG946QqZcDPgKR4YXqAAJjtTEbfY8oSfIlRkY7wVQYAQADAgADbQADIAQ,опыт
AgACAgIAAxkDAAICEWElO6tffP46bNWPWZdXwWgELwMMAAJktTEbfY8oSbGMkvKzy5HtAQADAgADeAADIAQ,Акмолинская
AgACAgIAAxkDAAICEmElO6sWMm3e5dXk-5m9SNjIiW9FAAJltTEbfY8oScxH4UV6Ik6aAQADAgADbQADIAQ,Белоруссия
AgACAgIAAxkDAAICE2ElO6tSWaoz_HcAAeqpu7bgj8HO1QACZrUxG32PKEls1aA97DE5HgEAAwIAA20AAyAE,казахстан
AgACAgIAAxkDAAICFGElO6xbyE0wp26qlRoPFb5DcA41AAJntTEbfY8oSd2L-Ctwo6sSAQADAgADeAADIAQ,Северно-Казахстанская
AgACAgIAAxkDAAICFWElO6xC1KjYweV-p27Hp_Ijxc2LAAJotTEbfY8oSWvVg9rHMzqnAQADAgADeAADIAQ,и оскалив пасть
AgACAgIAAxkDAAICFmElO6yV_OJcuOlaUVnjLnBSwDhkAAJptTEbfY8oSe-qzKalI2bcAQADAgADbQADIAQ,Сарканд
AgACAgIAAxkDAAICF2ElO6yAEODX0XkNGdwwdFbPT_TIAAJqtTEbfY8oSYYCOqpqRybRAQADAgADeAADIAQ,и не пил только
AgACAgIAAxkDAAICGGElO7dqcEqn2D2mcVZrvQOvhJ-gAAJrtTEbfY8oSS-2q49YfTeVAQADAgADeAADIAQ,Куда?.. Зачем?..
AgACAgIAAxkDAAICGWElO7c27W6kjcujltmxUtEdlne3AAJstTEbfY8oSRTuxN_J10mVAQADAgADbQADIAQ,Саяк
AgACAgIAAxkDAAICGmElO7eGm7NmLdc5psTO3-eOo_rSAAJttTEbfY8oSTzRrSmZAnIkAQADAgADbQADIAQ,"люди,"
AgACAgIAAxkDAAICG2ElO7jbdxaR5Lik7s1DzI1JBz1nAAJutTEbfY8oSTY35mf9dS6hAQADAgADeAADIAQ,"всё мимо, мимо."
AgACAgIAAxkDAAICHGElO7j9_Mn8KXOOLqQXWnxS6vudAAJvtTEbfY8oSblDbnZMzqiQAQADAgADeAADIAQ,КЫЗЫЛОРДИНСКАЯ
AgACAgIAAxkDAAICHWElO7hX2ZladdjiQYQrhRrSvP_lAAJwtTEbfY8oSbU-vfX_xg-6AQADAgADeAADIAQ,Северно-Казахстанская
AgACAgIAAxkDAAICHmElO7gn1RqrkvSLq73iAAFf5gABfQADcbUxG32PKEk400NjGgicOQEAAwIAA3gAAyAE,"В отдельности,"
AgACAgIAAxkDAAICH2ElO7jeYeNOTsuwBKj9FCeZz53-AAJytTEbfY8oSUVU8dufBUyQAQADAgADeAADIAQ,"И жизнь поболее,"
AgACAgIAAxkDAAICIGElO7jLLxAP-DytFxWDK8Vs4pboAAJztTEbfY8oSYa7LEgu8bWjAQADAgADeAADIAQ,Дремля смолкнул
AgACAgIAAxkDAAICIWElO7glppmR6bwxSFW8gByTPnsHAAJ0tTEbfY8oSUFhpi1FEE4dAQADAgADbQADIAQ,Злые
AgACAgIAAxkDAAICImElO7kUI42Ft4bQ9NMsTIt--kebAAJ1tTEbfY8oSZ3vyXLE9xv0AQADAgADbQADIAQ,крилья
AgACAgIAAxkDAAICI2ElO7kxSwmTbPXxlhC6PQEh8buBAAJ2tTEbfY8oSWO0SiLUcO5oAQADAgADbQADIAQ,Алматы
AgACAgIAAxkDAAICJGElO7mN4C4c95UYOvT-fD6sp7f3AAJ3tTEbfY8oSRymn15bhynaAQADAgADeAADIAQ,"к маме, жадно пили"
AgACAgIAAxkDAAICJWElO7lPYRwz9lYNcEbIyFOeaotnAAJ4tTEbfY8oScpf57jHOTREAQADAgADbQADIAQ,джиги
AgACAgIAAxkDAAICJmElO7lBgY20doRN1ljLy3qb1dAkAAJ5tTEbfY8oSdTReH_abu27AQADAgADeAADIAQ,Таджикистан
AgACAgIAAxkDAAICJ2ElO7nfeJsbpDjp15ZCibdNx5cLAAJ6tTEbfY8oSWOGxXe2IW77AQADAgADbQADIAQ,Шымкент
AgACAgIAAxkDAAICKGElO7rBXe55pbrLNvB1EUmUQrwRAAJ7tTEbfY8oSXEAAXyuN7kThAEAAwIAA3gAAyAE,Украина
AgACAgIAAxkDAAICKWElO7oDPEarFfj-mn4mXwzPXfrXAAJ8tTEbfY8oSUBm6Nh-A4C9AQADAgADeAADIAQ,"обнимает,"
AgACAgIAAxkDAAICKmElO7r__p5woO05ZeLm-RR4YoUZAAJ9tTEbfY8oSWbEwfEJmMC_AQADAgADeAADIAQ,Ты отдала свою
AgACAgIAAxkDAAICK2ElO7opTm01W8oYsHO_mWlu40kzAAJ-tTEbfY8oSXSTxvzJrMCzAQADAgADeAADIAQ,С высоты ледника
AgACAgIAAxkDAAICLGElO7re4zZyJCVWnHTM9CJKMFKXAAJ_tTEbfY8oSTzSvOAT27xfAQADAgADbQADIAQ,Зайсан
AgACAgIAAxkDAAICLWElO7rPW9zc7ty__XhmDHuie3dfAAKAtTEbfY8oSfeNAZMMwztUAQADAgADeAADIAQ,"пред аналоем,"
AgACAgIAAxkDAAICLmElO7p0BKAGtyiS_R-F8uDHwedBAAKBtTEbfY8oSTYjRyrqbslgAQADAgADeAADIAQ,хладный
AgACAgIAAxkDAAICL2ElO7qjf6Wsiep4OPFaHGHCTdNvAAKCtTEbfY8oSXeSd9WENWISAQADAgADeAADIAQ,Петропавлоск
AgACAgIAAxkDAAICMGElO7oqrnN9oqamo98Pb1wSI68lAAKDtTEbfY8oSZtMOUeGyQF7AQADAgADbQADIAQ,АЛМАТЫ
AgACAgIAAxkDAAICMWElO7vbicAG7kJ9AfY4JdtZN9xxAAKEtTEbfY8oScpUqg71nhaAAQADAgADeAADIAQ,Павлодарская
AgACAgIAAxkDAAICMmElO7smq7K4ch8dmGgWbbFjBlWuAAKFtTEbfY8oSfEOYyL3aLusAQADAgADbQADIAQ,"Они, толкаясь"
AgACAgIAAxkDAAICM2ElO7vijeyEi3yXzal1sQWsDuxjAAKGtTEbfY8oSfJ0gLIYKWSKAQADAgADbQADIAQ,Алматы
AgACAgIAAxkDAAICNGElO7s_Fa-jm5cXIhh7BdzTP5sBAAKHtTEbfY8oSb8RwAyiQbKnAQADAgADeAADIAQ,УСТЬ-КАМЕНОГОРСК
AgACAgIAAxkDAAICNWElO7vU5LqJ2DV61r5p7RpfzLoqAAKItTEbfY8oST3aF77Dj5TcAQADAgADbQADIAQ,Жанатас
AgACAgIAAxkDAAICNmElO8asMFCiaG2TFR2X8N8FvBWpAAKJtTEbfY8oSbOytPKG168dAQADAgADeAADIAQ,"И там, где сердце"
AgACAgIAAxkDAAICN2ElO8aH2F-c4SQwvW-HlGc8Dhc9AAKKtTEbfY8oSXU7dwoQaJ1SAQADAgADbQADIAQ,Казахстан
AgACAgIAAxkDAAICOGElO8fe19I9bxwxSoOx0sascs85AAKMtTEbfY8oSUOWmlrrtxl4AQADAgADbQADIAQ,"удаляя,"
AgACAgIAAxkDAAICOWElO8eVfoCfBvkZCmRZr7lQt3_1AAKNtTEbfY8oSWYDqbxqv7wmAQADAgADeAADIAQ,Мангистауская
AgACAgIAAxkDAAICOmElO8e7mi9FPlMTHceX82c-6dbBAAKOtTEbfY8oSaxLZ8Tdb6U9AQADAgADeAADIAQ,бессмертными стихами?
AgACAgIAAxkDAAICO2ElO8fOrTwbVaF2-bm8t_4jKPX8AAKPtTEbfY8oSYIyG1dJry8vAQADAgADbQADIAQ,АСТАНА
AgACAgIAAxkDAAICPGElO8enRPXFjmly1HKF7FaOSL1cAAKQtTEbfY8oSQSZQ0vUg_lmAQADAgADbQADIAQ,Семей
AgACAgIAAxkDAAICPWElO8eAEcjNHAWbh2kBqKQMX5xWAAKRtTEbfY8oSZMDiiA3G74dAQADAgADeAADIAQ,Кызылординская
AgACAgIAAxkDAAICPmElO8epQDAEO95pvgejRZzYYJmuAAKStTEbfY8oSZtfVuzbnriJAQADAgADbQADIAQ,Туркестан
AgACAgIAAxkDAAICP2ElO8fvlBN4soiPiQ6x4d-KpW4_AAKTtTEbfY8oSXSP9dxzeeAAAQEAAwIAA3gAAyAE,Все ж мучится
AgACAgIAAxkDAAICQGElO8j1DE4rsxmApyOzMiEjjtQVAAKUtTEbfY8oSdgIoZxuRC8-AQADAgADbQADIAQ,Тараз
AgACAgIAAxkDAAICQWElO8jwYdvaaojOxEv7GdyHpEiMAAKVtTEbfY8oSdQ_INSQq3tgAQADAgADeAADIAQ,Для мирной жизни
AgACAgIAAxkDAAICQmElO8ijwd-5SwG6NIVdKq8iJFGEAAKWtTEbfY8oSbMlblspmukUAQADAgADbQADIAQ,не разлучит.
AgACAgIAAxkDAAICQ2ElO8hs3sPMrkvC_mzzb-hCdb18AAKXtTEbfY8oSQ2Ulx5GwkNRAQADAgADeAADIAQ,терзали жизнь мою
AgACAgIAAxkDAAICRGElO8hwmxShQJ1kesx9Ls6Nv_PBAAKYtTEbfY8oSZUBYtbtoVaVAQADAgADbQADIAQ,Уштобе
AgACAgIAAxkDAAICRWElO8jb643NGYaAJDO7s-KR99oaAAKZtTEbfY8oSS6P0nYZYT-rAQADAgADeAADIAQ,Актюбинская
AgACAgIAAxkDAAICRmElO8nfe2ZOuE0l55B8ucOsnmbpAAKatTEbfY8oSVOlbjVhabB7AQADAgADeAADIAQ,"смеются с возу,"
AgACAgIAAxkDAAICR2ElO8l2Iv6nwGyBvUWDlH9nGNnSAAKbtTEbfY8oSUnSiB__4wNzAQADAgADbQADIAQ,В долгих
AgACAgIAAxkDAAICSGElO8mljMPRCme-F08yLxXRsW1fAAKctTEbfY8oSWTGl25ZbAF4AQADAgADeAADIAQ,Осуждены идти
AgACAgIAAxkDAAICSWElO8l3nrvqo-HyhAdCVEm1dwFgAAKdtTEbfY8oSYH39kj6n-E3AQADAgADbQADIAQ,Сергеевка
AgACAgIAAxkDAAICSmElO8nqFFh8QFAYo_8jzMaW335LAAKetTEbfY8oSYAQdVNey90lAQADAgADbQADIAQ,Актобе
AgACAgIAAxkDAAICS2ElO8oy8XrcQS5nmIG-gOYy4lk7AAKftTEbfY8oSYvPAAHjmskngAEAAwIAA3gAAyAE,Меж мной и холмами
AgACAgIAAxkDAAICTGElO8ojLnIRu3FOB4CmSLprwV5AAAKgtTEbfY8oScSDCZuMwSEAAQEAAwIAA20AAyAE,мне снится
AgACAgIAAxkDAAICTWElO8ohg2fBgRu1jzqh0Ll-Nn5VAAKhtTEbfY8oSR-nyDafSvZmAQADAgADeAADIAQ,вновь синеют
AgACAgIAAxkDAAICTmElO8sZIyHsS5aQ3yY-bYQCVFcGAAKitTEbfY8oScJV0fL10R9BAQADAgADeAADIAQ,Кандыагаш
AgACAgIAAxkDAAICT2ElO8tF-rMHO0GZ3gErR91Gg6gdAAKjtTEbfY8oSYmNH7Ibz9x-AQADAgADeAADIAQ,Не вместе.
AgACAgIAAxkDAAICUGElO8u5M8qOV0kI9pFtln7sSErHAAKktTEbfY8oSaXb6dJ301tCAQADAgADeAADIAQ,не разучит.
AgACAgIAAxkDAAICUWElO8sgpGuikHDCHS36r8lFvmr9AAKltTEbfY8oSSaL7kdi6VXrAQADAgADeAADIAQ,"о подвигах, о славе"
AgACAgIAAxkDAAICUmElO8wnQ7_xUNNKOPQwJwR1SXhyAAKmtTEbfY8oSfmRlww7oaDSAQADAgADeAADIAQ,УСТЬ-КАМЕНОГОРСК
AgACAgIAAxkDAAICU2ElO8xQtablUGXt2627OWivxq_qAAKntTEbfY8oSaIi5vzOhkvBAQADAgADeAADIAQ,меч их висит
AgACAgIAAxkDAAICVGElO9ell0oNqknaYg6Sp9AEGXadAAKotTEbfY8oScLFaHJWcuR0AQADAgADbQADIAQ,Астана
AgACAgIAAxkDAAICVWElO9gAAQQREYDe3o8iPj1YIsvtEgACqbUxG32PKEkdKlDsFo7HpAEAAwIAA20AAyAE,Саяк
AgACAgIAAxkDAAICVmElO9gVSO6aGPR541tjly_SsmOcAAKqtTEbfY8oSfsU5_5nzwABQQEAAwIAA3gAAyAE,Северно-Казахстанская
AgACAgIAAxkDAAICV2ElO9gp6uEl9dVWaf-D_D3lnopTAAKrtTEbfY8oSd34ra2Z98qJAQADAgADeAADIAQ,Взывали к мщенью
AgACAgIAAxkDAAICWGElO9gXpOMqkEkqpFunQbFSUPDbAAKstTEbfY8oSc9kwcP4CzYLAQADAgADbQADIAQ,связкам
AgACAgIAAxkDAAICWWElO9h7DZ0qxBfzWZY3Fa40BESsAAKttTEbfY8oSYiMX9ENLVyFAQADAgADeAADIAQ,Откинув лапы
AgACAgIAAxkDAAICWmElO9mgFRy4B0Q-G97dpA0Dq71kAAKutTEbfY8oSVc68aM1ZTvXAQADAgADbQADIAQ,Зыряновск
AgACAgIAAxkDAAICW2ElO9mJWf4yF_IwGZuJiG3pLxCvAAKvtTEbfY8oSXNJRcGHRtGjAQADAgADeAADIAQ,Атырау
AgACAgIAAxkDAAICXGElO9kmw05m-kqpQ_Q1YPeqomyvAAKwtTEbfY8oSQxxKPhfVB0qAQADAgADbQADIAQ,У камина
AgACAgIAAxkDAAICXWElO9miYdO-1G_kAoxgkuUAAcQ-fAACsbUxG32PKEmJ7lTSz9HcdwEAAwIAA3gAAyAE,Под скальпелем
AgACAgIAAxkDAAICXmElO9pCcR5B4MVCC0y9b5DD3qU2AAKytTEbfY8oSRrzvIgNMEw3AQADAgADeAADIAQ,Где тишина
AgACAgIAAxkDAAICX2ElO9q1ykg3NIUQi8yP9nKZJE1UAAKztTEbfY8oSYEs5ZJtDnc7AQADAgADeAADIAQ,Белоруссия
AgACAgIAAxkDAAICYGElO9uUUe25I3GtpmumZEPyA2rVAAK0tTEbfY8oSXDNZJpcXryxAQADAgADbQADIAQ,Атырау
AgACAgIAAxkDAAICYWElO9uK7Nq99x0eLCHFSaZgX1rvAAK1tTEbfY8oSZYJEU8Hn5D_AQADAgADeAADIAQ,Ты стала вновь
AgACAgIAAxkDAAICYmElO9vnCWDWpdFdvcg71mybA8JCAAK2tTEbfY8oSUmuQCkSzWcNAQADAgADbQADIAQ,Актобе
AgACAgIAAxkDAAICY2ElO9tkB0Rqq9pNt0JJMc96BHmZAAK3tTEbfY8oSSAQF1pwMXrvAQADAgADeAADIAQ,"зарослях полыни,"
AgACAgIAAxkDAAICZGElO9w--nSAPLS-LwNW1jxToJLZAAK4tTEbfY8oSVQeM-HYK3arAQADAgADeAADIAQ,"Как мальчик,"
AgACAgIAAxkDAAICZWElO9zKM7lSG0ZbPzlTMaLCSDbfAAK5tTEbfY8oSTuLKdaOkbxKAQADAgADbQADIAQ,Кызылорда
AgACAgIAAxkDAAICZmElO90GtnlpDgoqW8AGk8rP_X4dAAK6tTEbfY8oScjcTx0-wW5OAQADAgADbQADIAQ,Актобе
AgACAgIAAxkDAAICZ2ElO92N1xcXRxxZMNCQtxpRH45gAAK7tTEbfY8oSUGdPx-M5XB4AQADAgADeAADIAQ,"водка на анисе,"
AgACAgIAAxkDAAICaGElO90wEAXqTQ2b1-pHy-CGiBgnAAK8tTEbfY8oSXBwKv_CaDG1AQADAgADbQADIAQ,день
AgACAgIAAxkDAAICaWElO9538cP-T7EpP9pWla6n4cQ5AAK9tTEbfY8oSSbtQpP_0wPtAQADAgADbQADIAQ,"и ловок,"
AgACAgIAAxkDAAICamElO94utiWagKqtnqlbeac_MV4DAAK-tTEbfY8oSX4GHxhgjan4AQADAgADeAADIAQ,Страна моя
AgACAgIAAxkDAAICa2ElO95_CMuo2UiWr75P4O4jT_PqAAK_tTEbfY8oSXrUmxnmVfrHAQADAgADeAADIAQ,"как облака,"
AgACAgIAAxkDAAICbGElO9501DTwQqQ-oGLW9uDLTlUcAALAtTEbfY8oSZuyfSKCofHlAQADAgADeAADIAQ,Голодные волчата
AgACAgIAAxkDAAICbWElO94TBC6UvOGJ9A9uucwfQvv2AALBtTEbfY8oSV0Tws96G_wfAQADAgADeAADIAQ,надевал на себя что
AgACAgIAAxkDAAICbmElO976nxR3Er8DNJ8jqYGAbym7AALCtTEbfY8oSdKBdrWLdtHEAQADAgADeAADIAQ,но ты не снизошла
AgACAgIAAxkDAAICb2ElO94pvCIBPN3SJMwXUfOSdDFAAALDtTEbfY8oSeluByDlCR07AQADAgADeAADIAQ,нам насладиться
AgACAgIAAxkDAAICcGElO9_4u884e-YFWhxzTP5aSfA8AALEtTEbfY8oSdnNgJ7pyZH-AQADAgADbQADIAQ,джигит
AgACAgIAAxkDAAICcWElO9_KKTMAAY1cI5WFriqzuEJcKAACxbUxG32PKEkuySGuM6r8TQEAAwIAA3gAAyAE,Завтра к милой
AgACAgIAAxkDAAICcmElO-oVP3nLjh87zNzGP5pZ_PL-AALGtTEbfY8oSRo_ZFudUqFrAQADAgADeAADIAQ,Мангистауская
AgACAgIAAxkDAAICc2ElO-r6mpmdHCxr6scGZtTDfpv9AALHtTEbfY8oSTpE7BZea_S4AQADAgADeAADIAQ,Кем? Кем? Волом?
AgACAgIAAxkDAAICdGElO-oi3XsYRfgWWzXTym-E11bVAALItTEbfY8oSXp-eE0BJcxKAQADAgADeAADIAQ,хлеб
AgACAgIAAxkDAAICdWElO-oIlef4aR-tJ2I9X6UY-5jdAALJtTEbfY8oSepn3weMebuXAQADAgADeAADIAQ,Над холодеющими
AgACAgIAAxkDAAICdmElO-qQNUhoqII5Zhgj5v-vkMLQAALKtTEbfY8oSd0WUS5Ltn40AQADAgADeAADIAQ,Его живит
AgACAgIAAxkDAAICd2ElO-tBVdC8uNkUPOgGn_TepmpnAALLtTEbfY8oSX9p86TWMjG2AQADAgADbQADIAQ,РК
AgACAgIAAxkDAAICeGElO-vPYR1LbLCXzvbULusbHw51AALMtTEbfY8oSU8J_AABjJ0hgAEAAwIAA3gAAyAE,"Кричит наш дух,"
AgACAgIAAxkDAAICeWElO-v_XAyrov_X7NfVxwXLQM2yAALNtTEbfY8oSWTjkfdcy5glAQADAgADeAADIAQ,Их забвенный
AgACAgIAAxkDAAICemElO-s6Vx8YhdbPeME_gO46wn07AALOtTEbfY8oSWPt19cAAYxn8AEAAwIAA3gAAyAE,испепеленные года
AgACAgIAAxkDAAICe2ElO-uuviaJKlJcenyJLV-UTyfMAALPtTEbfY8oSVdG5jEy5TqaAQADAgADeAADIAQ,"не испугает,"
AgACAgIAAxkDAAICfGElO-sKLdXzjVRrTqLb5Fx81PEdAALQtTEbfY8oSSKzenx_VlbTAQADAgADeAADIAQ,не лицемерить
AgACAgIAAxkDAAICfWElO-zM4-0RKTgt-FU1MeE3-pq2AALRtTEbfY8oScjc5rKBabQMAQADAgADbQADIAQ,АКТАС
AgACAgIAAxkDAAICfmElO-zFD_l2dRMOyuXteXy_ykqFAALStTEbfY8oSTD34XPu5UXuAQADAgADbQADIAQ,Астана
AgACAgIAAxkDAAICf2ElO-xnJpzTBOE-dy1ndGhgoUpCAALTtTEbfY8oSb2aOiDSmmGmAQADAgADeAADIAQ,В накошенные
AgACAgIAAxkDAAICgGElO-wqAelZtJaHajEnS4tifs3gAALUtTEbfY8oSQoevkbhdTUYAQADAgADeAADIAQ,Каратау
AgACAgIAAxkDAAICgWElO-whcR8QjEqUtxtBHU_sliXvAALVtTEbfY8oSZwDiBYhOgyLAQADAgADeAADIAQ,но нездешний
AgACAgIAAxkDAAICgmElO-w0aeYTG9Duvhh1-Je_UqUOAALWtTEbfY8oSY6CH68l07snAQADAgADbQADIAQ,"Я верю,"
AgACAgIAAxkDAAICg2ElO-2drbh4Zy0tyBYKEmUKbenuAALXtTEbfY8oSQ4tSZnrWKBcAQADAgADeAADIAQ,Восточно-Казахстанская
AgACAgIAAxkDAAIChGElO-2P-CWUTWD_-QmGwbJ1vGPtAALYtTEbfY8oSXpYewINIZDEAQADAgADeAADIAQ,"И тени чувств,"
AgACAgIAAxkDAAIChWElO-3tcxon2Gz_fVjyVyk9m4hUAALZtTEbfY8oSVzbsJi-5E6QAQADAgADeAADIAQ,И одну лишь
AgACAgIAAxkDAAIChmElO-1wQyzNMd6i8rx-gA3KZbtxAALatTEbfY8oSTif33PiFMfuAQADAgADeAADIAQ,Астана
AgACAgIAAxkDAAICh2ElO-29S9pC4DqWEkNAWbQHKmmqAALbtTEbfY8oSRLv6BO7xpZEAQADAgADeAADIAQ,"Я люблю тебя,"
AgACAgIAAxkDAAICiGElO-3hn4a-pffkhwvE0jF17O_gAALctTEbfY8oSXi_wugOOt9RAQADAgADeAADIAQ,Кокшетау
AgACAgIAAxkDAAICiWElO-4GPaqtgVg1TLCSB510gdrGAALdtTEbfY8oSUQ8gokJjEuUAQADAgADeAADIAQ,Кызылорда
AgACAgIAAxkDAAICimElO-6wSKGqRuMfwFRt6xRjZCD7AALetTEbfY8oSSVB55YigYACAQADAgADeAADIAQ,"Верней, волчицу"
AgACAgIAAxkDAAICi2ElO-6MbE3Zl4jrxXo2rT00Pf_EAALftTEbfY8oSTkcuUMEbdbjAQADAgADeAADIAQ,вновь синеют
AgACAgIAAxkDAAICjGElO-60ibjdh5xb36zZ0WyizF-7AALgtTEbfY8oSVdH7UNQ104VAQADAgADbQADIAQ,РОССИЯ
AgACAgIAAxkDAAICjWElO-5oTDohAqtSwd5iGEB9WKBMAALhtTEbfY8oSUbAn-izXXVrAQADAgADeAADIAQ,Противуречит
AgACAgIAAxkDAAICjmElO-48jWdmc8JjQ9RlVVFYwG2IAALitTEbfY8oSTLAWSG243tFAQADAgADbQADIAQ,от
AgACAgIAAxkDAAICj2ElO--1HPHArcQg7CeDF0ffp48aAALjtTEbfY8oSdD9Q57F0090AQADAgADeAADIAQ,"не забили глиной,"
AgACAgIAAxkDAAICkGElO_r547t0tiUBpVLddPgUVI27AALktTEbfY8oSYljI_21b9UKAQADAgADeAADIAQ,помнящих вопли тунна
AgACAgIAAxkDAAICkWElO_pnAAHIgGKwVaUqsSfroWK3KQAC5bUxG32PKEnNHFJILkr67gEAAwIAA3gAAyAE,сухую воду
AgACAgIAAxkDAAICkmElO_qJG60dhMFs2gy23x3TNb6dAALmtTEbfY8oSZyXJhV-PUjrAQADAgADeAADIAQ,прекрасное лицо.
AgACAgIAAxkDAAICk2ElO_qJKN_NDZ7qBMV1U7FRZbUQAALntTEbfY8oSY6Ksw6k1nPcAQADAgADbQADIAQ,Область
AgACAgIAAxkDAAIClGElO_vQ2k_afUJvyYj3z-BHa4RHAALotTEbfY8oSUEdJN5lUQLnAQADAgADbQADIAQ,Костанай
AgACAgIAAxkDAAIClWElO_vOAo_oSXaGlCWfDBuSQb6kAALptTEbfY8oSSdaVp0gjwVzAQADAgADeAADIAQ,Хранит в себе
AgACAgIAAxkDAAIClmElO_sVVOIVr1eDGpoBAuKZ7njvAALqtTEbfY8oSc4MunQd22vUAQADAgADbQADIAQ,Текели
AgACAgIAAxkDAAICl2ElO_vrwmI2mqHKFO5pXCb1cNGPAALrtTEbfY8oSe2IJPbFmhixAQADAgADeAADIAQ,И по изрытому
AgACAgIAAxkDAAICmGElO_vN9eOOY7JVWMtCAdwXW30ZAALstTEbfY8oSbbyc6t-5yFpAQADAgADbQADIAQ,Республика
AgACAgIAAxkDAAICmWElO_tXSa-xkvs07_veZ7okHKTtAALttTEbfY8oSRLOTSSINn3RAQADAgADbQADIAQ,теплои
AgACAgIAAxkDAAICmmElO_xCdOAhRq7AAAEw4daDR8c-ywAC7rUxG32PKElR2kylUL4J-AEAAwIAA3gAAyAE,"А, точнее, мать..."
AgACAgIAAxkDAAICm2ElO_wxU8VmJpwRZ26lshjhyDQsAALvtTEbfY8oSdQZFgQZEJC9AQADAgADbQADIAQ,Кокшетау
AgACAgIAAxkDAAICnGElO_ylAAFgAk99JOlqG38O0mCR6QAC8LUxG32PKElSLqS5gH6KhgEAAwIAA3gAAyAE,Шымкент
AgACAgIAAxkDAAICnWElO_y5KcYQsCLBpqhHbX72zlgKAALxtTEbfY8oSTGmWZzEUGN7AQADAgADeAADIAQ,Звучна стрелка
AgACAgIAAxkDAAICnmElO_w3Qu93SfthOu7TaUmRaePtAALytTEbfY8oSW-pUdQo6Q5NAQADAgADeAADIAQ,прекрасное лицо
AgACAgIAAxkDAAICn2ElO_2fS2CwjWSD7BplVgklffjBAALztTEbfY8oSXH8frnTqCyPAQADAgADbQADIAQ,и щитом
AgACAgIAAxkDAAICoGElO_2zWXLU4jJc0dDnJtnp1X8CAAL0tTEbfY8oSTfiWc9ZdQcUAQADAgADbQADIAQ,Село
AgACAgIAAxkDAAICoWElO_1Jrg2iwJiB8KlkoFllCAEJAAL1tTEbfY8oSQhxUqfzZ8eDAQADAgADeAADIAQ,Затоболычк
AgACAgIAAxkDAAIComElO_05UY1gC_gHDetSxouR7siXAAL2tTEbfY8oSQ5PWCgYWdapAQADAgADeAADIAQ,Загляжусь
AgACAgIAAxkDAAICo2ElO_24aaeey71uL50h35TN_HmUAAL3tTEbfY8oSdVk8YQ9fYneAQADAgADeAADIAQ,сухую воду.
AgACAgIAAxkDAAICpGElO_1-Tj0BnPGWAAEDy-QHaEGizgAC-LUxG32PKEn5vuEv7OB4BwEAAwIAA20AAyAE,джигит!
AgACAgIAAxkDAAICpWElO_74igKhsObJEv48HD0tSLf5AAL5tTEbfY8oSRw-38Q6Qa-GAQADAgADbQADIAQ,Актобе
AgACAgIAAxkDAAICpmElO_7fr8hogVltZ2GOKupPZ4ogAAL6tTEbfY8oSVTPRvLqhJ43AQADAgADeAADIAQ,Каркаралинск
AgACAgIAAxkDAAICp2ElO_6dLECildU7j-2vYXea9p_4AAL7tTEbfY8oSThFGUjQcOa7AQADAgADeAADIAQ,"джигиту,"
AgACAgIAAxkDAAICqGElO_5JijhyHSzrd2aK2JgHQ0vzAAL8tTEbfY8oSc2l_Eu7BXc8AQADAgADeAADIAQ,прекрасное лицо.
AgACAgIAAxkDAAICqWElO_4DJf0rxEGFW2hjHBHtUINvAAL9tTEbfY8oSX6o5KQsXq4NAQADAgADeAADIAQ,Кызылорда
AgACAgIAAxkDAAICqmElO_-Ms8F4SdkTSb11-MzHSArlAAL-tTEbfY8oSYZlGhFPcadnAQADAgADbQADIAQ,Республика
AgACAgIAAxkDAAICq2ElO_9hz776FMiMFSREtmsgEkIYAAL_tTEbfY8oSQklEJBa0swjAQADAgADbQADIAQ,Актобе
AgACAgIAAxkDAAICrGElO_-Rx-tzNE0AAeIW6EC7cvPdjwADtjEbfY8oSeyQy0RKm3CaAQADAgADeAADIAQ,Акмолинская
AgACAgIAAxkDAAICrWElO_8f4bbEMzhtzDzJioYsvx7KAAIBtjEbfY8oSahDJuFyOVsBAQADAgADeAADIAQ,нам насладиться.
AgACAgIAAxkDAAICrmElPArEeLJGEsqRcQHdA5qtj27kAAICtjEbfY8oSeFsae337AuwAQADAgADeAADIAQ,не достиг;
AgACAgIAAxkDAAICr2ElPArRU8hzImkJ_4NpvkzrYrpjAAIDtjEbfY8oSes1yT1i3nuDAQADAgADbQADIAQ,Актюбинская
AgACAgIAAxkDAAICsGElPAvBj_ecFb7l9rMmnYhBK5eDAAIEtjEbfY8oSanq4vchlJDCAQADAgADeAADIAQ,Летят шмели
AgACAgIAAxkDAAICsWElPAtsWPFTDyrylnxZu_wWcuMuAAIFtjEbfY8oSfgBH7OEGP0FAQADAgADeAADIAQ,лунный лик.
AgACAgIAAxkDAAICsmElPAumUPbwAAFgfGiiUGX5xdaEXQACBrYxG32PKEnkkd40PkztfAEAAwIAA20AAyAE,Астана
AgACAgIAAxkDAAICs2ElPAsoQfXhA-eIxs3oJGk5Jl6bAAIHtjEbfY8oSSgdwd_lV5qPAQADAgADbQADIAQ,Я стал
AgACAgIAAxkDAAICtGElPAwnBHhnDCZ2cfpLeZNPFHc_AAIItjEbfY8oSUkvF8PzY_-WAQADAgADbQADIAQ,Аральск
AgACAgIAAxkDAAICtWElPAyB1HuhHZTmeBEPmIXO3pslAAIJtjEbfY8oSa2nWchSb3jTAQADAgADbQADIAQ,Аягоз
AgACAgIAAxkDAAICtmElPAxqqm4QXRzmXQaNbWAt7U14AAIKtjEbfY8oSUTvML8ET4CrAQADAgADbQADIAQ,Абхазия
AgACAgIAAxkDAAICt2ElPAwp54fC4A5mH27ELidtLNxcAAILtjEbfY8oSZJR9vLe9S6TAQADAgADeAADIAQ,"Верней, волчицу,"
AgACAgIAAxkDAAICuGElPAw6fJSZEu-qmEWQHGXBBnaDAAIMtjEbfY8oSXdLD0QeaDU9AQADAgADeAADIAQ,"Верней, волчицу"
AgACAgIAAxkDAAICuWElPA3YfCjBU4YPOf_J8oJ5AAEvBgACDbYxG32PKEmGthAPrmCT1wEAAwIAA20AAyAE,Белоруссия
AgACAgIAAxkDAAICumElPA2xR4HVBjEnGD4hujvtV8fEAAIOtjEbfY8oScV_jxuFT_WKAQADAgADbQADIAQ,Атырау
AgACAgIAAxkDAAICu2ElPA3FBU12RDsf_p5GHSmCnAAB8wACD7YxG32PKElOTHVhv_bPpwEAAwIAA3gAAyAE,сейчас надо мной?
AgACAgIAAxkDAAICvGElPA7JMakX2z7lrDKJ-vofOe-FAAIQtjEbfY8oSSEPKOr4DipXAQADAgADeAADIAQ,Алматинская
AgACAgIAAxkDAAICvWElPA6THgNQuJHf6pDK8SjXfssLAAIRtjEbfY8oSRo81nqruU5JAQADAgADeAADIAQ,там ныне
AgACAgIAAxkDAAICvmElPA49Jn_XDy1JYHNzvA5b7DhxAAIStjEbfY8oSUa_TUdNnGUiAQADAgADeAADIAQ,То разгулье удалое
AgACAgIAAxkDAAICv2ElPA838g1pAnM1hZx_pWGdk6SIAAITtjEbfY8oSfrROX0SAuvOAQADAgADeAADIAQ,"о подвигах, о славе"
AgACAgIAAxkDAAICwGElPA_b6C5aM20sh8RdIIaOJ86UAAIUtjEbfY8oSU_m4meJ9AemAQADAgADeAADIAQ,за веком -
AgACAgIAAxkDAAICwWElPA_W1c0hA9jx2UgCzeG0ySh0AAIVtjEbfY8oSTuhw07NY9kjAQADAgADeAADIAQ,Что делать нам с
AgACAgIAAxkDAAICwmElPA8Xkqx8fb8axbNhXPc2mbQGAAIWtjEbfY8oSb4t3v4f0rZUAQADAgADeAADIAQ,"моряку, горят."
AgACAgIAAxkDAAICw2ElPA8QgsEmmNuc1nixyuj9AbsVAAIXtjEbfY8oSa5tmxLIWEcfAQADAgADeAADIAQ,"То разгулье удалое,"
AgACAgIAAxkDAAICxGElPA-Cx5UUNqwkY1R4jzA6m8ekAAIYtjEbfY8oSduvygftgGmZAQADAgADeAADIAQ,"То разгулье удалое,"
AgACAgIAAxkDAAICxWElPA-KaLMRw51JLftQVrw5Cm2dAAIZtjEbfY8oScHkUDZXmA0OAQADAgADbQADIAQ,АКТОБЕ
AgACAgIAAxkDAAICxmElPA8iI6GzqZnYymPPKTCLnzU3AAIatjEbfY8oSSOvUxSmaDSDAQADAgADeAADIAQ,Кызылорда
AgACAgIAAxkDAAICx2ElPBCPhQj8_bK4Xl8o0CBK3mi8AAIbtjEbfY8oSV2BRRG23_D3AQADAgADeAADIAQ,Шёл человек
AgACAgIAAxkDAAICyGElPBDEt8w6f5n_gaay5p9fpgWjAAIctjEbfY8oSWElqfA0sYTgAQADAgADbQADIAQ,"луна,"
AgACAgIAAxkDAAICyWElPBAy6UAJsbDvniqo_EWBpzi1AAIdtjEbfY8oSaoAAbZhsJzbswEAAwIAA20AAyAE,Тараз
AgACAgIAAxkDAAICymElPBD0DlKlXK_EZ-LzlkOVIFVSAAIetjEbfY8oSd8PnKkkeDwRAQADAgADeAADIAQ,"был рожден,"
AgACAgIAAxkDAAICy2ElPBAW0LSoFNh3ruy708jzNWehAAIftjEbfY8oSR1ASeQttEl0AQADAgADeAADIAQ,влюбленное вино
AgACAgIAAxkDAAICzGElPBuVNFklMh4bmT1FhhWtx6HaAAIgtjEbfY8oSaeKjh2Tq6AUAQADAgADeAADIAQ,"зарослях полыни,"
AgACAgIAAxkDAAICzWElPBzpIwl9OfHxgh1brvM3UF6KAAIhtjEbfY8oSbQTO5Ija3DWAQADAgADbQADIAQ,Жанатас
AgACAgIAAxkDAAICzmElPBz4OJxk22F8-MxUU9gUAmFvAAIitjEbfY8oSdZRRA4UTrnlAQADAgADbQADIAQ,"и ловок,"
AgACAgIAAxkDAAICz2ElPBwx-4E3h9LDNxt_d-lls3d6AAIjtjEbfY8oScg4GKrgrVK8AQADAgADeAADIAQ,не названье
AgACAgIAAxkDAAIC0GElPBxkJ7yi0f0Z2jwPQ161AAGKZQACJLYxG32PKEmNLmgvhdaPNQEAAwIAA20AAyAE,"не узнать,"
AgACAgIAAxkDAAIC0WElPB0FA6ZnUqaCVoWG_vOSTZ9tAAIltjEbfY8oSRuZV6BDmQV2AQADAgADeAADIAQ,Восточно-Казахстанская
AgACAgIAAxkDAAIC0mElPB1Wds8jZ9EXQFv229VZQcixAAImtjEbfY8oSaQut_LkiC4oAQADAgADeAADIAQ,И складывают
AgACAgIAAxkDAAIC02ElPB15tGE5RXRb0ti2fG5JKgxSAAIntjEbfY8oSX4afP8T6aeTAQADAgADbQADIAQ,Каражал
AgACAgIAAxkDAAIC1GElPB0LNCxbadQLbCIlL-c8zyaaAAIotjEbfY8oSco2pyTXPmciAQADAgADeAADIAQ,Расстилаются
AgACAgIAAxkDAAIC1WElPB4Mn72sie71JITxgkYwjzeAAAIptjEbfY8oSQa4sq1ymLRLAQADAgADeAADIAQ,Шахтинск
AgACAgIAAxkDAAIC1mElPB7ryGXnrZaOFoTzK5AtDkYoAAIqtjEbfY8oSZgmbHnSuHogAQADAgADbQADIAQ,Актау
AgACAgIAAxkDAAIC12ElPB5DC512RU9wNIsTS472HJc5AAIrtjEbfY8oScaDTaMPYJasAQADAgADeAADIAQ,Таджикистан
AgACAgIAAxkDAAIC2GElPB4U1wbHQCQ9o0ZIbVeQcE2UAAIstjEbfY8oSfN8ijpbJaoWAQADAgADeAADIAQ,Вид постоялого
AgACAgIAAxkDAAIC2WElPB-gnMHU0ZgQE-E7WgMjYhneAAIttjEbfY8oSR6BM4V2rHCWAQADAgADeAADIAQ,Восточно-Казахстанская
AgACAgIAAxkDAAIC2mElPB_zGHXxNjutt0WBR4Zd9Z3VAAIutjEbfY8oSWx7YMvruah3AQADAgADeAADIAQ,прекрасное лицо
AgACAgIAAxkDAAIC22ElPB-aNyEPFhwaP_dhgOeLsdlfAAIvtjEbfY8oSQI8u4xnQtBOAQADAgADeAADIAQ,"мой ямщик,"
AgACAgIAAxkDAAIC3GElPB_isakR8_boyOKTFUxplPBCAAIwtjEbfY8oSaSdFIDPWiKjAQADAgADbQADIAQ,Аркалык
AgACAgIAAxkDAAIC3WElPB8PE7EJPtXhDBNEdYXJFphiAAIxtjEbfY8oSYCgJyz9t47hAQADAgADeAADIAQ,ТУРКЕСТАНСКАЯ
AgACAgIAAxkDAAIC3mElPCCIqXD98lchu5tUzL1c5MPXAAIytjEbfY8oSSfaiYtcSvXhAQADAgADeAADIAQ,Талдыкоргаи
AgACAgIAAxkDAAIC32ElPCDxnXLYsvG-4DNOvbBzmxw9AAIztjEbfY8oSdX-fGAgOTewAQADAgADbQADIAQ,позабыли
AgACAgIAAxkDAAIC4GElPCDLndha39tmj-yGW2zUbIFoAAI0tjEbfY8oSZ2lnf7neMewAQADAgADeAADIAQ,законов судьбы
AgACAgIAAxkDAAIC4WElPCAyLwckLm2wyoW0Dc00gK8NAAI1tjEbfY8oSUeqwBvL8Ne5AQADAgADbQADIAQ,Злые
AgACAgIAAxkDAAIC4mElPCFP77pGiKbE_sEcrHqGLaijAAI2tjEbfY8oSVnG7oyC1MK7AQADAgADeAADIAQ,Путь указуя
AgACAgIAAxkDAAIC42ElPCFOoIH_O_kZ65o5n1Plq9OXAAI3tjEbfY8oSSxOOFAkoHALAQADAgADbQADIAQ,"конвоя,"
AgACAgIAAxkDAAIC5GElPCGnm1cofHZi8hRkmPT9_LEfAAI4tjEbfY8oSeqPLq89YS6zAQADAgADbQADIAQ,Караганда
AgACAgIAAxkDAAIC5WElPCJZ-DFX70JNNNMQ6P57Wx1GAAI5tjEbfY8oSbn1zN9VtV8VAQADAgADbQADIAQ,отстал
AgACAgIAAxkDAAIC5mElPCLxZSSa_xuanDFe7u_Wi9HtAAI6tjEbfY8oSSNKlAg3d1QOAQADAgADeAADIAQ,"И ум, как прежде"
AgACAgIAAxkDAAIC52ElPCI-8muvQhGVAe6owHoWDb6YAAI7tjEbfY8oSfj9PxRc55PGAQADAgADbQADIAQ,"и ловок,"
AgACAgIAAxkDAAIC6GElPCJlL9rxvO6hwb60c9NfnWSLAAI8tjEbfY8oSQw7_WyE4ZL0AQADAgADeAADIAQ,возвратясь
AgACAgIAAxkDAAIC6WElPCISg9j3i7mRXGgg-Bnjh2WgAAI9tjEbfY8oSR3Ij4wUl9mIAQADAgADbQADIAQ,"Ой,"
AgACAgIAAxkDAAIC6mElPC3xrakRGNQWIVsxxxL1vipOAAI-tjEbfY8oSTkQTM61FVNNAQADAgADeAADIAQ,"не испытал,"
AgACAgIAAxkDAAIC62ElPC6t0HOB6oqNGQbaPry5eWYGAAI_tjEbfY8oScfTbP0Pfb4-AQADAgADbQADIAQ,Горняцкий
AgACAgIAAxkDAAIC7GElPC7rz-pa9Q_O-Pr1QSU7zaKzAAJAtjEbfY8oSTLj0CMCjF51AQADAgADbQADIAQ,Макат
AgACAgIAAxkDAAIC7WElPC79TKxqz3Jum_esIHPE5gLbAAJBtjEbfY8oSQMeCdOQVoguAQADAgADeAADIAQ,что меня вскормила
AgACAgIAAxkDAAIC7mElPC6b906szDiyE2aAfiWjp-PRAAJCtjEbfY8oSVR1xWBAzL1nAQADAgADbQADIAQ,Акмолинская
AgACAgIAAxkDAAIC72ElPC7CtdROn-t0L4ygUq7AgmWfAAJDtjEbfY8oST6fGlM62DOfAQADAgADeAADIAQ,Зачем не могу
AgACAgIAAxkDAAIC8GElPC_oOt-01iy4FdN9eptiPu-gAAJEtjEbfY8oSbmZtigwjlMdAQADAgADeAADIAQ,"струну бы задел,"
AgACAgIAAxkDAAIC8WElPC8ePoOX96Atswqd_M6Sx9_xAAJFtjEbfY8oSWo3dZuDN0fxAQADAgADeAADIAQ,ПЕТРОПАВЛОВСК
AgACAgIAAxkDAAIC8mElPC-QNOcn1UrjBXppQ5wY6WM9AAJGtjEbfY8oSZ2oGk886f3VAQADAgADbQADIAQ,Сарыколь
AgACAgIAAxkDAAIC82ElPC_5Crvl9tOe4IY-qeP7ECV2AAJHtjEbfY8oSaS9mXQavpeGAQADAgADeAADIAQ,Туркестанская
AgACAgIAAxkDAAIC9GElPC-kv4f1sz6wNKG4miA_qyMWAAJItjEbfY8oSbTWVGVLdNmmAQADAgADbQADIAQ,Акмолинская
AgACAgIAAxkDAAIC9WElPDCv15J7a7bYdA025MXlcC3_AAJJtjEbfY8oSdESs9s-1NL4AQADAgADeAADIAQ,Казахстан
AgACAgIAAxkDAAIC9mElPDCXNrV48_ewpt5FVDoVGlDYAAJKtjEbfY8oScHp-o013lfQAQADAgADeAADIAQ,"На запад, на запад"
AgACAgIAAxkDAAIC92ElPDCcx5Kyu2VZ2qoMGRaE1dRlAAJLtjEbfY8oSZMp_lXUJmq3AQADAgADbQADIAQ,Украина
AgACAgIAAxkDAAIC-GElPDAKjYA-VCE2eBLA2ZyPi5PvAAJMtjEbfY8oSaJG-hlyipfjAQADAgADeAADIAQ,Костанай
AgACAgIAAxkDAAIC-WElPDCnHPyXZ-ZxufqJhWAsInlYAAJNtjEbfY8oSRQ5eKETBnPaAQADAgADbQADIAQ,Караганда
AgACAgIAAxkDAAIC-mElPDCyoWE6y_k0LS9DRU1OzX_aAAJOtjEbfY8oSfJ_dWOSK49WAQADAgADeAADIAQ,Отеген батыра
AgACAgIAAxkDAAIC-2ElPDE8xYVQaJFiQ0wy8fo6N6_EAAJPtjEbfY8oSYTF50dGVmRdAQADAgADeAADIAQ,Как памятники
AgACAgIAAxkDAAIC_GElPDFfiQ4CF7udSrmUl5OPpZrtAAJQtjEbfY8oScjrop-oTLDjAQADAgADeAADIAQ,Туркестанская
AgACAgIAAxkDAAIC_WElPDEpvSe-30tFhPD9ejojVbVUAAJRtjEbfY8oSenFkzxy0ZOAAQADAgADeAADIAQ,"Зарывшись,"
AgACAgIAAxkDAAIC_mElPDE2P55X5oCJQAqCn_Px4opSAAJStjEbfY8oSeuejE8YXT3RAQADAgADeAADIAQ,"не зная о любви,"
AgACAgIAAxkDAAIC_2ElPDGKQ8G6gnCIG0V5ckeT_Oi7AAJTtjEbfY8oSemqAywFxqS0AQADAgADeAADIAQ,чувствую солидарность
AgACAgIAAxkDAAIDAAFhJTwxlzOG8E73JViWhTpRE5sJkgACVLYxG32PKEloUHzYrN0okwEAAwIAA20AAyAE,Аральск
AgACAgIAAxkDAAIDAWElPDEKeroG034RbMosstBpMo12AAJVtjEbfY8oSeU7dujB9osOAQADAgADbQADIAQ,АКТОБЕ
AgACAgIAAxkDAAIDAmElPDJRJedT2AfpQsH-yD7EP9uqAAJWtjEbfY8oSUAJqak9K_cHAQADAgADbQADIAQ,Павлодарская
AgACAgIAAxkDAAIDA2ElPDI8lQN_Yt_UhGQkkDIghwurAAJXtjEbfY8oSfbpQVx6GtJTAQADAgADeAADIAQ,"На их огонь,"
AgACAgIAAxkDAAIDBGElPDKTKUdzkviFnE61kZN4KIKmAAJYtjEbfY8oSbHkjhAuTvp3AQADAgADeAADIAQ,Октябрьский
AgACAgIAAxkDAAIDBWElPDKI1Y9bvS4MigXXCh4Hy8fjAAJZtjEbfY8oSY6D7eJgJuNyAQADAgADeAADIAQ,ПЕТРОПАВЛОВСК
AgACAgIAAxkDAAIDBmElPDJzbQgivo258CLj4KFIW31OAAJatjEbfY8oSYmRuJOycjAPAQADAgADeAADIAQ,Жаркент
AgACAgIAAxkDAAIDB2ElPDLZh_0CxpTSmFV-yoUKOwABsAACW7YxG32PKEmYbUk6zjuaiAEAAwIAA3gAAyAE,Махтинск
AgACAgIAAxkDAAIDCGElPD7OzR5NChPR9zhXvX95ccerAAJctjEbfY8oSZnIE6Eky5ICAQADAgADeAADIAQ,молодость прошла!
AgACAgIAAxkDAAIDCWElPD6yszGVdn1DNne3GjpeCeHiAAJdtjEbfY8oSUXeoqYVFlYeAQADAgADeAADIAQ,и ты ушла из дому.
AgACAgIAAxkDAAIDCmElPD-AS241URRT05bTbfGdB8GxAAJetjEbfY8oSTq-wR2nWUzgAQADAgADeAADIAQ,Серебрянск
AgACAgIAAxkDAAIDC2ElPD_KectVtoNc4K1odhlsRugpAAJftjEbfY8oSS0fqv8Qw3YGAQADAgADeAADIAQ,"Как раздалая, так"
AgACAgIAAxkDAAIDDGElPD964As82p__RlJX1SHzxQABUQACYLYxG32PKEknVg2dpdcFLgEAAwIAA20AAyAE,но опять
AgACAgIAAxkDAAIDDWElPD9GzMoQcFSDq1fA4DN9V4MnAAJhtjEbfY8oSZxFcDrigkfSAQADAgADbQADIAQ,срок
AgACAgIAAxkDAAIDDmElPD_h4kNSpS_T-1TpF-1jo3kqAAJitjEbfY8oSfS86MZmQsyjAQADAgADeAADIAQ,Ребят уже не
AgACAgIAAxkDAAIDD2ElPEDVOBxHlhrIb4u5ZCPQqfX6AAJjtjEbfY8oSefgAkHpgNtQAQADAgADbQADIAQ,"луна,"
AgACAgIAAxkDAAIDEGElPECqtUY7XpVfAYYE_ZQWCa4yAAJktjEbfY8oSfE41CPvAlYKAQADAgADeAADIAQ,звук полетел;
AgACAgIAAxkDAAIDEWElPEBkEssl5RZMS6HMiam8woeBAAJltjEbfY8oSWMNjmGAAAGxfgEAAwIAA3gAAyAE,студеной тишиной.
AgACAgIAAxkDAAIDEmElPEBx2ziDI96r_zVCYv4Q53AcAAJmtjEbfY8oSUfo1RDZfwKPAQADAgADeAADIAQ,"И жить, как"
AgACAgIAAxkDAAIDE2ElPEAUhQyHaMblpTcPblTUI6fJAAJntjEbfY8oSRw59t_DJEaCAQADAgADeAADIAQ,С высоты ледника
AgACAgIAAxkDAAIDFGElPEGax53Yt_eQzUf1tTf-ad9nAAJotjEbfY8oSa7NZUDQ-A_QAQADAgADeAADIAQ,вороненый зрачок
AgACAgIAAxkDAAIDFWElPEExtrbTHcezZ5n7_0g6xpTQAAJptjEbfY8oSWEUxH4QO9kgAQADAgADeAADIAQ,смолкнул бы он
AgACAgIAAxkDAAIDFmElPEGXgQKIeoBilGR-n_QOsk0uAAJqtjEbfY8oSdLC_aa4C-ClAQADAgADeAADIAQ,Павлодарская
AgACAgIAAxkDAAIDF2ElPEJd54cOiw4BXQRgampkAYExAAJrtjEbfY8oSTKv26p_s8lrAQADAgADeAADIAQ,"Догони же,"
AgACAgIAAxkDAAIDGGElPELSIbwTcRO6tSBHq76osl2MAAJstjEbfY8oSUs7V_E4-6URAQADAgADbQADIAQ,Костанай
AgACAgIAAxkDAAIDGWElPEL228AcdES5Q3_CxCHBx-b8AAJttjEbfY8oST0prH3RAAHlDwEAAwIAA3gAAyAE,зарослях полыни
AgACAgIAAxkDAAIDGmElPELyMNQ3Ep24JVaaN90RSDt3AAJutjEbfY8oSWvjlLJqAgu6AQADAgADbQADIAQ,Сарань
AgACAgIAAxkDAAIDG2ElPEPSD2iJMb8biSVUPM-d5FeAAAJvtjEbfY8oSXiwjRVHyh9NAQADAgADeAADIAQ,Алматинская
AgACAgIAAxkDAAIDHGElPENLLuKh96AkU14Ocgq0SuFLAAJwtjEbfY8oSVWz5PlAE9FXAQADAgADeAADIAQ,Сперва измучившись
AgACAgIAAxkDAAIDHWElPEMJinKwsq9la6vt6PMK7osnAAJxtjEbfY8oSSDiDb4-vC4cAQADAgADbQADIAQ,Так веа
AgACAgIAAxkDAAIDHmElPEMa_h1rhrI6j2dFjs3bE63fAAJytjEbfY8oSXtPHzC0UjmKAQADAgADeAADIAQ,Усть-Каменогорск
AgACAgIAAxkDAAIDH2ElPES3na6GYN6HCZVkQzRtXaBbAAJztjEbfY8oSRa5WdP6rzemAQADAgADeAADIAQ,ворошат корма
AgACAgIAAxkDAAIDIGElPEQlyAABJ0kIVz2PNk7LxCo_lAACdLYxG32PKEmOagABwTY-nU8BAAMCAAN4AAMgBA,дважды бывал распорот
AgACAgIAAxkDAAIDIWElPEQN5OBoKAno1hvvuX5oq9KdAAJ1tjEbfY8oSRVGASjNwZmEAQADAgADbQADIAQ,"О дблестях,"
AgACAgIAAxkDAAIDImElPEVCAAFshrf7TCAkUKfPDBB18gACdrYxG32PKEmLesPDispMXQEAAwIAA20AAyAE,И я забыл
AgACAgIAAxkDAAIDI2ElPEVMrRX5bEvwcInSiDPJr1CvAAJ3tjEbfY8oSf-sf9xB4hvIAQADAgADeAADIAQ,Прекрасно в нас
AgACAgIAAxkDAAIDJGElPEXcTBULcUVPco3feyWUSFB3AAJ4tjEbfY8oSZjmTDdd7I2wAQADAgADeAADIAQ,и оскалив пасть
AgACAgIAAxkDAAIDJWElPEWqEscaOu3DqvrD5kiEaHY5AAJ5tjEbfY8oSRuTYP4ZghrwAQADAgADeAADIAQ,Павлодарская
AgACAgIAAxkDAAIDJmElPFFwjbIAATdhlzlZPuNXBPjm4AACerYxG32PKEncjlwev4NHAAEBAAMCAANtAAMgBA,"иногда,"
AgACAgIAAxkDAAIDJ2ElPFHtcrcY-GkzeieJ9BkAAVeWGgACe7YxG32PKEnz4Y6YBJi8jgEAAwIAA3gAAyAE,Что мог монах
AgACAgIAAxkDAAIDKGElPFG4MCqMjZg8psNc0OhhiMIFAAJ8tjEbfY8oSey--nZgS0-1AQADAgADeAADIAQ,Земля душиста
AgACAgIAAxkDAAIDKWElPFEwlbi4MBDAXwchf-6m_8gpAAJ9tjEbfY8oSWFKxHwI91PCAQADAgADeAADIAQ,Теперь мне сорок
AgACAgIAAxkDAAIDKmElPFE10tsYOl1bGqyQh-hCOUOGAAJ-tjEbfY8oSXXiYf9gpzG5AQADAgADbQADIAQ,Атырау
AgACAgIAAxkDAAIDK2ElPFLyzic4egfWg2Yetnqbe3r3AAJ_tjEbfY8oScK58VttRXUPAQADAgADeAADIAQ,В сырую ночь
AgACAgIAAxkDAAIDLGElPFJAJfcb3YtFieOAia5gPd2uAAKAtjEbfY8oST7GHaHWYRqbAQADAgADbQADIAQ,Актобе
AgACAgIAAxkDAAIDLWElPFIjKOeKzs6k8tve5WTL5zehAAKBtjEbfY8oSTQG0yL4ktUxAQADAgADbQADIAQ,Поцелуй
AgACAgIAAxkDAAIDLmElPFMHLoU-qMPsHZ8O81pILLPzAAKCtjEbfY8oSaGIzquZQ8TKAQADAgADeAADIAQ,Что время лечит
AgACAgIAAxkDAAIDL2ElPFO19CPnr-vapLXgs8pEFgE9AAKDtjEbfY8oSUUtpY4ZDKFUAQADAgADeAADIAQ,Костанай
AgACAgIAAxkDAAIDMGElPFO4LbTbZ14JmJ_uvV5ii-WeAAKEtjEbfY8oSSwpubmamaAKAQADAgADbQADIAQ,Абхазия
AgACAgIAAxkDAAIDMWElPFMxA-0GizT9SBB43QL4ELz8AAKFtjEbfY8oSexVWYmcbrPYAQADAgADbQADIAQ,УРАЛЬСК
AgACAgIAAxkDAAIDMmElPFTHwhPad_5Fx4rIZ6zWsCdFAAKGtjEbfY8oSbp9rvGCusQ_AQADAgADeAADIAQ,ТУРКЕСТАН
AgACAgIAAxkDAAIDM2ElPFTfNx58uZNe7Idm6M8mibruAAKHtjEbfY8oSUePd-8C9-MZAQADAgADeAADIAQ,ни поцеловать
AgACAgIAAxkDAAIDNGElPFSG6cFXP8tJibOP4xSLiJlQAAKItjEbfY8oSTQQ5cAq4sMlAQADAgADeAADIAQ,Следит порой за
AgACAgIAAxkDAAIDNWElPFWbBxpOZtwriM4d-EgkmYDJAAKJtjEbfY8oSc9HjwF9NHegAQADAgADbQADIAQ,Киевка
AgACAgIAAxkDAAIDNmElPFXBS0_0bLvoceOFVW2nhzj_AAKKtjEbfY8oSf1Te5f0OH9bAQADAgADeAADIAQ,Лугами катятся
AgACAgIAAxkDAAIDN2ElPFVNM9L_B-NUzMwcCWEBWq7uAAKLtjEbfY8oSbZXBQNLMKRIAQADAgADbQADIAQ,опять
AgACAgIAAxkDAAIDOGElPFZ35cFQIAw4sir2DW9pOwhnAAKMtjEbfY8oSUqR3zYoPZAFAQADAgADbQADIAQ,Где тишина
AgACAgIAAxkDAAIDOWElPFaQcUWizMTGl8izfMZ5_orJAAKNtjEbfY8oSdB20h6N7nOoAQADAgADeAADIAQ,"от страданья,"
AgACAgIAAxkDAAIDOmElPFaug7S7iKPeC0IZF55a0JFMAAKOtjEbfY8oSX9GUFHj-h8MAQADAgADeAADIAQ,Кандыагаш
AgACAgIAAxkDAAIDO2ElPFYwwaY245sFAQJl3bHFzjonAAKPtjEbfY8oSZLfR1ncufNHAQADAgADbQADIAQ,Молдавия
AgACAgIAAxkDAAIDPGElPFbvfohrSSqkqw92FsvuJWELAAKQtjEbfY8oSYh2Qu8azmPtAQADAgADeAADIAQ,Дали смелому
AgACAgIAAxkDAAIDPWElPFYcrQgwUiPKwv0NpVcOaIpkAAKRtjEbfY8oSXugQ5LMClAdAQADAgADeAADIAQ,Костанайская
AgACAgIAAxkDAAIDPmElPFdxsJiGE4Hn_2oz-Om3IpIsAAKStjEbfY8oSTix_j2XnnwxAQADAgADbQADIAQ,В которам
AgACAgIAAxkDAAIDP2ElPFcIxgdE-j-6fN2qApjVbCQGAAKTtjEbfY8oSVdtdynzqiA6AQADAgADeAADIAQ,Взывали к мщенью
AgACAgIAAxkDAAIDQGElPFdNOfglMS6eHEVFZNi2l-idAAKUtjEbfY8oSTfFdDYhzloXAQADAgADbQADIAQ,Актобе
AgACAgIAAxkDAAIDQWElPFcYXYJp6kzZfM9GZcTf566mAAKVtjEbfY8oSRwXxn6cpfx0AQADAgADbQADIAQ,Аркалык
AgACAgIAAxkDAAIDQmElPFePeOB8QEf1_NPhZkzL2MmjAAKWtjEbfY8oSeVFQR_ImUAtAQADAgADeAADIAQ,"я со стола,"
AgACAgIAAxkDAAIDQ2ElPFcbERLrKNJA8UC7_HMFgec8AAKXtjEbfY8oSS-16Hg77Wq2AQADAgADeAADIAQ,"мирный трактор,"
AgACAgIAAxkDAAIDRGElPGMioixT8iQ3ryuieCD5EYnrAAKYtjEbfY8oSZeKMor_elCyAQADAgADeAADIAQ,"мрак приморской ночи,"
AgACAgIAAxkDAAIDRWElPGNcPnry6onmo-Un5HwTSQInAAKZtjEbfY8oSfkorPxuiEJXAQADAgADbQADIAQ,Уральск
AgACAgIAAxkDAAIDRmElPGNb87rmJMeZw7SqCYlYys13AAKatjEbfY8oSR3dN6NSsX9zAQADAgADbQADIAQ,добежит.
AgACAgIAAxkDAAIDR2ElPGO5MDpLZe0Qcj-_d-gM-UrgAAKbtjEbfY8oSTD3ftngDQq5AQADAgADeAADIAQ,Где цветут моих
AgACAgIAAxkDAAIDSGElPGOlL1peYutPAiYq0dCq2f_aAAKctjEbfY8oSe2rPkh3tknFAQADAgADeAADIAQ,Павлодарская
AgACAgIAAxkDAAIDSWElPGM8a8QF_zre_tFxNB0_XGkhAAKdtjEbfY8oSXy5SoRBfWYzAQADAgADeAADIAQ,"свой совершит,"
AgACAgIAAxkDAAIDSmElPGRw0_JN7GI3vzazll-xNkIhAAKetjEbfY8oSe1uNkFxyGEpAQADAgADbQADIAQ,опять
AgACAgIAAxkDAAIDS2ElPGR6AAFkFgigBMQNCS2oUsNOfQACn7YxG32PKEnY7sT4EJ9lNAEAAwIAA3gAAyAE,"И мы ломаем руки,"
AgACAgIAAxkDAAIDTGElPGT63onrlIAlaHb4UDJpgZsVAAKgtjEbfY8oSSJhixHhBCyUAQADAgADbQADIAQ,Караганда
AgACAgIAAxkDAAIDTWElPGVJ9NdDBh9HqX5C-f3C9AVmAAKhtjEbfY8oScm6fyqKMhpiAQADAgADbQADIAQ,Кульсары
AgACAgIAAxkDAAIDTmElPGWSYpdXri1A3P_nZW15xatoAAKitjEbfY8oSbP5TrZCyeDmAQADAgADbQADIAQ,АТЫРАУ
AgACAgIAAxkDAAIDT2ElPGWmm3IXDQAB45EZa169JAjimAACo7YxG32PKEl_jPnUSgbmPAEAAwIAA3gAAyAE,Земля душиста
AgACAgIAAxkDAAIDUGElPGUehBr7ISvwkCENayik69AaAAKktjEbfY8oSSH7KUfATYScAQADAgADeAADIAQ,Ты в синий плащ
AgACAgIAAxkDAAIDUWElPGWa7KdXJxK1MZYVAtvwHi_hAAKltjEbfY8oSb40AsagfG-BAQADAgADeAADIAQ,ЖАМБЫЛЬСКАЯ
AgACAgIAAxkDAAIDUmElPGVXme8g0KmPl-7ZC3rv66VNAAKmtjEbfY8oSTMVunK7JkE6AQADAgADeAADIAQ,и русские поляны
AgACAgIAAxkDAAIDU2ElPGW2shkDxOZOnWkEvPuumSweAAKntjEbfY8oSb3JgSV7WluyAQADAgADbQADIAQ,РОССИЯ
AgACAgIAAxkDAAIDVGElPGYmKJ8-y-s5PTIo1a-KEC-lAAKotjEbfY8oSZmRCtPB0CbPAQADAgADeAADIAQ,малые ошибки
AgACAgIAAxkDAAIDVWElPGa50uB4i6-8IAOzV101kwTkAAKptjEbfY8oSUb7uR8sPXV4AQADAgADeAADIAQ,Каркаралинск
AgACAgIAAxkDAAIDVmElPGbeHFq0kusGMamp7Z6WhUSAAAKqtjEbfY8oSR3EiyV4Dv9cAQADAgADbQADIAQ,Акмолинская
AgACAgIAAxkDAAIDV2ElPGYKsrp7ixMsD7oRC0ZEssviAAKrtjEbfY8oSf5Yrb0kjJqwAQADAgADeAADIAQ,Я входил вместо
AgACAgIAAxkDAAIDWGElPGYrWMThzzcisY1sVyIjjqwtAAKstjEbfY8oSUacWVLPGRrhAQADAgADeAADIAQ,но ты не снизошла.
AgACAgIAAxkDAAIDWWElPGa1yHoj7j51sqiCfv729UE1AAKttjEbfY8oSZxrezIln8TLAQADAgADbQADIAQ,АБХАЗИЯ
AgACAgIAAxkDAAIDWmElPGdNV1dFi0L5VaEWCT4KEuc6AAKutjEbfY8oSbE6cv_US2HfAQADAgADeAADIAQ,"все мимо, мимо"
AgACAgIAAxkDAAIDW2ElPGfENs2WRDeLQnu8eXZtOCyzAAKvtjEbfY8oSevv-2Nh5Zw0AQADAgADeAADIAQ,На древней стене
AgACAgIAAxkDAAIDXGElPGccKXqpl8ZGTS5EgJommj-cAAKwtjEbfY8oSRM4IA89E182AQADAgADbQADIAQ,Злые
AgACAgIAAxkDAAIDXWElPGewK2nB2VbCQq8tjra8WKNeAAKxtjEbfY8oSd-O678h4IHfAQADAgADbQADIAQ,Ушарал
AgACAgIAAxkDAAIDXmElPGeCPmBnwnleOKchr0AyTFZ4AAKytjEbfY8oSa8hzsus2ZxHAQADAgADbQADIAQ,Твое лицо в его
AgACAgIAAxkDAAIDX2ElPGcSt09zwwwVcT1-buJkGkqdAAKztjEbfY8oSfqvyBZTofznAQADAgADbQADIAQ,"однозвучен,"
AgACAgIAAxkDAAIDYGElPGdBsoELSLkxsobq0LZw2szJAAK0tjEbfY8oSfyZB9nup_D6AQADAgADeAADIAQ,Перед мной
AgACAgIAAxkDAAIDYWElPGjtEwV4NRyslxbaVoKAgaBCAAK1tjEbfY8oSVVjLuu46bHkAQADAgADeAADIAQ,где танк
AgACAgIAAxkDAAIDYmElPHMOeHi4hZF2KFKiKSea1_WKAAK2tjEbfY8oSezM118Qhq4VAQADAgADbQADIAQ,Индерборский
AgACAgIAAxkDAAIDY2ElPHMSw2WLR0IkhP9T3tsD5bCvAAK3tjEbfY8oSTi2kuK3P6XzAQADAgADbQADIAQ,ШЫМКЕНТ
AgACAgIAAxkDAAIDZGElPHPhcrTN-M7gAAFGahfT0ciz8AACuLYxG32PKEmarfRK_QUnpwEAAwIAA20AAyAE,Текели
AgACAgIAAxkDAAIDZWElPHN8F6fH-aA4Yzi-2XyZjFIeAAK5tjEbfY8oSaHmm0gQ1XoDAQADAgADeAADIAQ,Я забудусь
AgACAgIAAxkDAAIDZmElPHOlD7lKKaYqUNQE-sUuxZHMAAK6tjEbfY8oSbgBN0i1mOy3AQADAgADeAADIAQ,"Как раздался, так"
AgACAgIAAxkDAAIDZ2ElPHStMkxuJt1EYha5i2CKnxv0AAK7tjEbfY8oSc4XbAFdcul6AQADAgADeAADIAQ,"Опять, как"
AgACAgIAAxkDAAIDaGElPHTTszMHf8qiTZxc1TOR4_gDAAK8tjEbfY8oSbdyfsle8CHlAQADAgADeAADIAQ,Алматинская
AgACAgIAAxkDAAIDaWElPHQ2MZ-MtXedslX3oHBFRlFxAAK9tjEbfY8oSdas_ux9UqOlAQADAgADeAADIAQ,"во все концы,"
AgACAgIAAxkDAAIDamElPHTdXu6N84W59AWXFXco3wchAAK-tjEbfY8oSXt0KS7l8cEeAQADAgADbQADIAQ,бы летать
AgACAgIAAxkDAAIDa2ElPHRvKTxbopqpREiCLNDefVlgAAK_tjEbfY8oSV_5X95T1M9TAQADAgADeAADIAQ,Чем свет телега
AgACAgIAAxkDAAIDbGElPHUSPSMTI5xcxjxKGXwQRmIZAALAtjEbfY8oScq7bE9GsiFCAQADAgADeAADIAQ,АЛМАТИНСКАЯ
AgACAgIAAxkDAAIDbWElPHWGf452cTI3NhmGgzKQsp3cAALBtjEbfY8oSTwT1DWFgEQKAQADAgADbQADIAQ,свою...
AgACAgIAAxkDAAIDbmElPHUZxNn-E46_QegVInfENiSKAALCtjEbfY8oSScFVCPJjoKKAQADAgADbQADIAQ,клевера.
AgACAgIAAxkDAAIDb2ElPHUxdrhnf4qkNtyOY-B_oNFJAALDtjEbfY8oSRwDPPPrmuOXAQADAgADbQADIAQ,крылья;
AgACAgIAAxkDAAIDcGElPHZrxN0PtkeD5ZJV5YXHY0WfAALEtjEbfY8oSZTCLfLo1PWOAQADAgADeAADIAQ,"но ты не оглянулась,"
AgACAgIAAxkDAAIDcWElPHZo40aYH1iH_4d7qhN8OSM6AALFtjEbfY8oSZJR5DjtJw7vAQADAgADbQADIAQ,"скоро ли,"
AgACAgIAAxkDAAIDcmElPHbap6nokz9BBps5iJ7NOGxpAALGtjEbfY8oScNRideCAms9AQADAgADeAADIAQ,Мгновение бежит
AgACAgIAAxkDAAIDc2ElPHbdSJJNjqFCHIEQui2oqumRAALHtjEbfY8oSSsdh6W6vurYAQADAgADbQADIAQ,Казахстан
AgACAgIAAxkDAAIDdGElPHbJwH6w80W-Dhxw91TitH18AALItjEbfY8oSQVqEy5DvtWbAQADAgADbQADIAQ,Сстрана
AgACAgIAAxkDAAIDdWElPHZ7BFMksrw9YNBTlrDtpPJ2AALJtjEbfY8oSQI5hiF9YoJLAQADAgADbQADIAQ,Я здесь
AgACAgIAAxkDAAIDdmElPHc6ZyE0N0g7KWJMROs5HI34AALKtjEbfY8oScfe73zZpU_FAQADAgADbQADIAQ,Украина
AgACAgIAAxkDAAIDd2ElPHcIwFCGqncJjveM0ox64kw_AALLtjEbfY8oSXWjkzdhYQYJAQADAgADbQADIAQ,из него
AgACAgIAAxkDAAIDeGElPHdeRYS60LwXZysJkSxbQkJ1AALMtjEbfY8oSW_Tbzju9suTAQADAgADeAADIAQ,Южно-Казахстанская
AgACAgIAAxkDAAIDeWElPHc-fF4ClRUKqn0mfRgcjVeIAALNtjEbfY8oSZr6cM75q8M7AQADAgADeAADIAQ,"Опять стога,"
AgACAgIAAxkDAAIDemElPHfj-qBf-yG5IjnQJsEDUV-dAALOtjEbfY8oSYnUnrJlq9HRAQADAgADeAADIAQ,Алматинская
AgACAgIAAxkDAAIDe2ElPHc9EPE46EveqWOZzWph2yXLAALPtjEbfY8oSfYcX9F0K-AuAQADAgADbQADIAQ,С трухой и
AgACAgIAAxkDAAIDfGElPHc4ENKoka7WprNe_m3EM6uyAALQtjEbfY8oSbF-iFXDd-xAAQADAgADeAADIAQ,Северо-Казахстанская
AgACAgIAAxkDAAIDfWElPHi14QTaEcTqsC0ltESw8amcAALRtjEbfY8oSc1Vk6tNWPpOAQADAgADbQADIAQ,Атырау
AgACAgIAAxkDAAIDfmElPHgT-HxrAAH-wVgFlNytmapW0gAC0rYxG32PKEn86JY3Gt1tgQEAAwIAA3gAAyAE,почуя на плечах
AgACAgIAAxkDAAIDf2ElPHjupTFpHvrUuASFcHdKe4UsAALTtjEbfY8oSaPUp_87CbBZAQADAgADeAADIAQ,каких уж нет
AgACAgIAAxkDAAIDgGElPINfumGol_td91-sbpj6MCMhAALUtjEbfY8oSc18UULbq425AQADAgADbQADIAQ,Уральск
AgACAgIAAxkDAAIDgWElPIN6mcdUzRQRdK-VPYNZc3yKAALVtjEbfY8oSSA9i9NGRKy5AQADAgADeAADIAQ,Павлодар
AgACAgIAAxkDAAIDgmElPINZoBEdPASr1aOknZKwf8giAALWtjEbfY8oSXudTgHRPHrjAQADAgADbQADIAQ,Щучинск
AgACAgIAAxkDAAIDg2ElPIR078abDR7g1pOK2p4NjWB6AALXtjEbfY8oSVPwwF4G4YsuAQADAgADeAADIAQ,"мрак приморскои ноча,"
AgACAgIAAxkDAAIDhGElPISLsnt6EXdauX8lqsrhx3CeAALYtjEbfY8oSRbz11lykb7LAQADAgADbQADIAQ,Актобе
AgACAgIAAxkDAAIDhWElPIRkivf-5EfZ-etrxHfLurM6AALZtjEbfY8oSVTjH48S-_k-AQADAgADbQADIAQ,бы летать
AgACAgIAAxkDAAIDhmElPIQkZXK-pDf65C2rsydLUO2bAALatjEbfY8oSSEWWX9npV6RAQADAgADeAADIAQ,ворошат корма
AgACAgIAAxkDAAIDh2ElPISngfQaEHOd_2mPuVBg-k_DAALbtjEbfY8oScfi0Dy_5dxyAQADAgADeAADIAQ,Северно-Казахстанская
AgACAgIAAxkDAAIDiGElPIRnExr4y_tI5n7mD-p-Xg5PAALctjEbfY8oSbupOKg0yGOGAQADAgADeAADIAQ,"безотрадный,"
AgACAgIAAxkDAAIDiWElPIW0_1GJ1T5wR9sXe6ubJel5AALdtjEbfY8oSdUIm32mgS_vAQADAgADbQADIAQ,Так век
AgACAgIAAxkDAAIDimElPIWpCRNodX2yWjNeHz0DoCU9AALetjEbfY8oSaSHLxlYBWo8AQADAgADbQADIAQ,Молдавия
AgACAgIAAxkDAAIDi2ElPIXaOzWe-psGpXYbbE7UmFqSAALftjEbfY8oSTjeIU5pR1naAQADAgADbQADIAQ,И звал
AgACAgIAAxkDAAIDjGElPIWoY4iv_-_Fh0J5wgIH4j1oAALgtjEbfY8oSRQXQWvZYBtoAQADAgADbQADIAQ,Туркестн
AgACAgIAAxkDAAIDjWElPIUNmDTDVBp9-_6ELNlsy6aOAALhtjEbfY8oSbwS-pcuhiMuAQADAgADbQADIAQ,ночлега
AgACAgIAAxkDAAIDjmElPIWKBW2qK-aOKrmqm-mId4MbAALitjEbfY8oSSeSB5aiXbRyAQADAgADeAADIAQ,Туркестан
AgACAgIAAxkDAAIDj2ElPIVTj6Ovr9H1rBx4d-6Bsm3TAALjtjEbfY8oSSRPr0WcPaenAQADAgADeAADIAQ,"Не знаю, где приют"
AgACAgIAAxkDAAIDkGElPIaJZGdvBEVfPpLGDWpk4IP-AALktjEbfY8oSTtyL7pwa8UqAQADAgADeAADIAQ,"благоухает сад,"
AgACAgIAAxkDAAIDkWElPIZ3IpTfkGaPeky22RCalVHyAALltjEbfY8oScB8bdmPRatGAQADAgADbQADIAQ,Актау
AgACAgIAAxkDAAIDkmElPIZxELeoBh3qbSwFahc2-9Z_AALmtjEbfY8oSZs04wABGt1cXQEAAwIAA3gAAyAE,"путь мой скучен,"
AgACAgIAAxkDAAIDk2ElPIbKFosgFik1KUYHAAHhPh8i2QAC57YxG32PKEmscuEcgpGQCgEAAwIAA3gAAyAE,Пока хорошая
AgACAgIAAxkDAAIDlGElPIbh9kGKvoopHVQS1Cb5eHHEAALotjEbfY8oSQeJ4zZnaFAmAQADAgADbQADIAQ,Украйна
AgACAgIAAxkDAAIDlWElPIY8TAv-Z2l5JwvsWENcuD2uAALptjEbfY8oSa_Gea6pD-xFAQADAgADbQADIAQ,"скоро ли,"
AgACAgIAAxkDAAIDlmElPIeLFPnJXB8wXaMow57UDqrPAALqtjEbfY8oSS6GIFe1v7ZxAQADAgADeAADIAQ,Казалинск
AgACAgIAAxkDAAIDl2ElPIeMciChpWBsLgABrvODztPw2gAC67YxG32PKEnQ_cNMm_V4vQEAAwIAA20AAyAE,не названье
AgACAgIAAxkDAAIDmGElPIdAC9RKlzuZJcoatcm2gRc3AALstjEbfY8oSXGvcawXMr44AQADAgADeAADIAQ,Алматинская
AgACAgIAAxkDAAIDmWElPIcwNAABE9E3AjVzgZspwvO1AwAC7bYxG32PKEkUjtQPLCvk1AEAAwIAA20AAyAE,Павлодар
AgACAgIAAxkDAAIDmmElPId3vsP1c1DEd7jExFR6M532AALutjEbfY8oSeiu0Qy6J_TYAQADAgADbQADIAQ,КЫЗЫЛОРДА
AgACAgIAAxkDAAIDm2ElPIdeAAEKm-Qzurw0z7i3Q51VHwAC77YxG32PKElu4GHVNrEjUgEAAwIAA3gAAyAE,ТАДЖИКИСТАН
AgACAgIAAxkDAAIDnGElPIhrPKX4lzY0-5RnY8oYCp7oAALwtjEbfY8oSZkksscuUhTqAQADAgADbQADIAQ,луна
AgACAgIAAxkDAAIDnWElPIjQuUMo7ws60QPRtBiSPpfZAALxtjEbfY8oSWWhJIAF49cBAQADAgADeAADIAQ,Только с горем я
AgACAgIAAxkDAAIDnmElPJO_q7rQ9yFV3mrTqcn5gQsLAALytjEbfY8oSR5_DY_rQSA7AQADAgADeAADIAQ,Как памятники
AgACAgIAAxkDAAIDn2ElPJO7v4UJttmyn1zWYM1kO3vdAALztjEbfY8oSbzLWnIWzZVVAQADAgADeAADIAQ,Где выл пожар
AgACAgIAAxkDAAIDoGElPJQZ3NslPO-fEiuMSQ7Y9nvyAAL0tjEbfY8oSea36yNfE--EAQADAgADbQADIAQ,иногда
AgACAgIAAxkDAAIDoWElPJTYAUJrHHiDKzLze88-b9XmAAL1tjEbfY8oSYBK1zlvDfsvAQADAgADeAADIAQ,до полярных
AgACAgIAAxkDAAIDomElPJTBhNQOPyrpfN46Z7bEOrb9AAL2tjEbfY8oSTYux1PbejpaAQADAgADeAADIAQ,"ныло от разлуки,-"
AgACAgIAAxkDAAIDo2ElPJTShDbwTtRLG5SeInHaxXG2AAL3tjEbfY8oSeiFvxg0S00OAQADAgADeAADIAQ,джигит!
AgACAgIAAxkDAAIDpGElPJQZ__eBX2a4ZamMh0w-hNmiAAL4tjEbfY8oSSoW0qvARQ-vAQADAgADeAADIAQ,Взывали к мщенью
AgACAgIAAxkDAAIDpWElPJRYOH0qLGLeF28JpUawc0hmAAL5tjEbfY8oSfJEkkDhSGbMAQADAgADbQADIAQ,от
AgACAgIAAxkDAAIDpmElPJTMYYpZWYJ6VN6Tst2GjpxeAAL6tjEbfY8oSc_euzeR90eFAQADAgADeAADIAQ,будут мстить.
AgACAgIAAxkDAAIDp2ElPJU3g8MWKIFHkDkE--jSA5xwAAL7tjEbfY8oSS37nNtf2Yh7AQADAgADeAADIAQ,Откинув лапы
AgACAgIAAxkDAAIDqGElPJWIDabUCmunhjMNMqL34vL2AAL8tjEbfY8oSZ_-pF2mZph1AQADAgADeAADIAQ,свободу любить?
AgACAgIAAxkDAAIDqWElPJV8Y7PEmiSKU9ghCjGylIvZAAL9tjEbfY8oSWeIrltPZkTrAQADAgADeAADIAQ,Акмолинская
AgACAgIAAxkDAAIDqmElPJZBKSSrkJANQXbGEiVueK67AAL-tjEbfY8oSV3GQVA_QZZuAQADAgADeAADIAQ,Снуют пунцовые
AgACAgIAAxkDAAIDq2ElPJZU3R6JgE9Y2VY4UmRzca8TAAL_tjEbfY8oSQPZIjXtXDKrAQADAgADeAADIAQ,А встретятся
AgACAgIAAxkDAAIDrGElPJbR2-QezFMn1tDwqyWVhiPUAAO3MRt9jyhJT48dMvpEH-QBAAMCAAN4AAMgBA,Голодные волчата
AgACAgIAAxkDAAIDrWElPJeg6jEU7itYcv7fia5JqUhTAAIBtzEbfY8oSTDQI6a2CZsgAQADAgADbQADIAQ,Алматы
AgACAgIAAxkDAAIDrmElPJf-A1U1D2jibOJbOlfSC99FAAICtzEbfY8oSfo0b6DYLmWOAQADAgADbQADIAQ,Текели
AgACAgIAAxkDAAIDr2ElPJhXve6aB9tyq9TmClf8xOEXAAIDtzEbfY8oSUONt_Ml6Ie_AQADAgADbQADIAQ,Астана
AgACAgIAAxkDAAIDsGElPJg5XnAvGRKPJZEfZq_9HyVwAAIEtzEbfY8oSc0q3wsGP3pMAQADAgADeAADIAQ,Талдыкорган
AgACAgIAAxkDAAIDsWElPJh0d8YirXfMYP_5_eEGFBZcAAIFtzEbfY8oSeoLUcv37FgKAQADAgADbQADIAQ,Абхазия
AgACAgIAAxkDAAIDsmElPJgHEYdZ11KvUOTSRcCmHLIeAAIGtzEbfY8oSaybbcnG3_KcAQADAgADbQADIAQ,Актобе
AgACAgIAAxkDAAIDs2ElPJjm0CgfYQhv4agME2gYI3JOAAIHtzEbfY8oSUMuCr4L0D6VAQADAgADbQADIAQ,Текели
AgACAgIAAxkDAAIDtGElPJjaD1rQd7a7LxknGF8vuSkMAAIItzEbfY8oSYkmQm9AE1B5AQADAgADbQADIAQ,Павлодар
AgACAgIAAxkDAAIDtWElPJino--9Fm-FwJKVBJE8tcImAAIJtzEbfY8oSXRHziyx4hT-AQADAgADbQADIAQ,"луна,"
AgACAgIAAxkDAAIDtmElPJnI4GqRwo6YdVPnI9IqYLqcAAIKtzEbfY8oSclFfsXTGx4rAQADAgADeAADIAQ,"твой синий,"
AgACAgIAAxkDAAIDt2ElPJlN7WlCXCPxmeJDTOIAAWclmwACC7cxG32PKEn3KT4n3-5SZQEAAwIAA3gAAyAE,АКТЮБИНСКАЯ
AgACAgIAAxkDAAIDuGElPJmB3rJqA8IZQTyRCb2s16-kAAIMtzEbfY8oSbaU5H4xiOmsAQADAgADbQADIAQ,Абхазия
AgACAgIAAxkDAAIDuWElPJn8ORrSoMwGOhBE6XJPYGryAAINtzEbfY8oSeMaASd_BsUGAQADAgADbQADIAQ,Семей
AgACAgIAAxkDAAIDumElPJn9FUYKesfLygs4kpYhxe83AAIOtzEbfY8oSUA21M2NRtIiAQADAgADeAADIAQ,Таджикистан
AgACAgIAAxkDAAIDu2ElPJnIor3POYmNPzKwFBHXfbKHAAIPtzEbfY8oSayncnVJcB6fAQADAgADeAADIAQ,"Они, толкаясь"
AgACAgIAAxkDAAIDvGElPKQ3oK6uAAFVEWBV8vBIHm_tdAACELcxG32PKEnGObyGI5mDHAEAAwIAA20AAyAE,РК
AgACAgIAAxkDAAIDvWElPKXHIM_oG1e62FoH_kW1ZNSCAAIRtzEbfY8oSSXft1x5Kjd4AQADAgADeAADIAQ,"Зачем я не птица,"
AgACAgIAAxkDAAIDvmElPKUWx9tys-IDbuHYP8sdQWqdAAIStzEbfY8oSQ14QXsTdKzOAQADAgADeAADIAQ,Опять стога
AgACAgIAAxkDAAIDv2ElPKVCbIWAy1c6RiTsVUZgQwQeAAITtzEbfY8oSby4-wwZd_SRAQADAgADeAADIAQ,Летят шмели
AgACAgIAAxkDAAIDwGElPKY_Unxz9OkjUvFiQARKlvCXAAIUtzEbfY8oSU0boQXNOIwJAQADAgADbQADIAQ,Актобе
AgACAgIAAxkDAAIDwWElPKYZ-iWyQgOc_RcE7xv_gqmZAAIVtzEbfY8oSZTpJR6ACjD5AQADAgADbQADIAQ,Семей
AgACAgIAAxkDAAIDwmElPKaAHbjr6grxv7VOhyL-fBB6AAIWtzEbfY8oSVY_xsq2Y3_bAQADAgADeAADIAQ,СЕВЕРО-КАЗАХСТАНСКАЯ
AgACAgIAAxkDAAIDw2ElPKeJe6GIvKDcLPngLuAeh7iHAAIXtzEbfY8oSRwoOBV90KflAQADAgADeAADIAQ,Мангистауская
AgACAgIAAxkDAAIDxGElPKdXCzGUvbvf_NllR9nXqxOMAAIYtzEbfY8oSTZoiQsXJ279AQADAgADeAADIAQ,перехваченного плыла
AgACAgIAAxkDAAIDxWElPKcqmhH59dOBntyjbndLV74GAAIZtzEbfY8oSe2WEYAk6egwAQADAgADeAADIAQ,Таджикистан
AgACAgIAAxkDAAIDxmElPKccokJ-e6nKhQABKK9lESe4BgACGrcxG32PKEkx5XUewxftCgEAAwIAA3gAAyAE,Жамбылская
AgACAgIAAxkDAAIDx2ElPKdA7kqHTaPm9KpoT4EE9G4xAAIbtzEbfY8oSbrXGLJyO3dWAQADAgADbQADIAQ,Кульсары
AgACAgIAAxkDAAIDyGElPKdnqxwhIvV0fLqxBkyDo65XAAIctzEbfY8oSUNPRzNndZEHAQADAgADeAADIAQ,И арфы шотландской
AgACAgIAAxkDAAIDyWElPKea0ejsHfPoKA7aikJGMHLrAAIdtzEbfY8oSV9rHr_7bhLfAQADAgADeAADIAQ,И по сводам бы
AgACAgIAAxkDAAIDymElPKiRvaYaOszReHQaSLNjN_KaAAIetzEbfY8oSb8pi-cQwwweAQADAgADeAADIAQ,Мангистауская
AgACAgIAAxkDAAIDy2ElPKigldKvEqiAyOtdJ_UwEBy9AAIftzEbfY8oSSgTorlSY48uAQADAgADeAADIAQ,Где цветут моих
AgACAgIAAxkDAAIDzGElPKhMY8xpLAFFp7u3yqJOP24OAAIgtzEbfY8oSc84YGI6qOkrAQADAgADeAADIAQ,"всё мимо, мимго."
AgACAgIAAxkDAAIDzWElPKigcsXJnYQ99M7tQ8AtMp9TAAIhtzEbfY8oSUvNjwdC2EqXAQADAgADeAADIAQ,новых городов.
AgACAgIAAxkDAAIDzmElPKhyv5jbosEm5wGRmPKQxWsNAAIitzEbfY8oSYA0ImqF7cSeAQADAgADeAADIAQ,Далеко с моря
AgACAgIAAxkDAAIDz2ElPKj6nZs3RmD__9wVXMS2K165AAIjtzEbfY8oSe-25lZufbfQAQADAgADbQADIAQ,"тебя,"
